emp_id,monthly_income,salary_slab,daily_rate,hourly_rate,monthly_rate,percent_salary_hike,stock_option_level
RM297,1420,Upto 5k,230,54,25233,13,0
RM302,1200,Upto 5k,812,69,9724,12,0
RM458,1878,Upto 5k,1306,69,8059,14,0
RM728,1051,Upto 5k,287,73,13493,15,0
RM829,1904,Upto 5k,247,80,13556,12,0
RM973,1611,Upto 5k,1124,97,19305,15,0
RM1154,1569,Upto 5k,544,70,18420,12,0
RM1312,1514,Upto 5k,1431,33,8018,16,0
RM128,1675,Upto 5k,528,50,26820,19,0
RM150,1483,Upto 5k,1181,79,16102,14,0
RM423,2564,Upto 5k,489,52,18437,12,0
RM689,2121,Upto 5k,419,37,9947,13,0
RM488,2836,Upto 5k,959,83,11757,13,0
RM690,2973,Upto 5k,129,84,13008,19,0
RM732,2600,Upto 5k,1097,98,18275,15,0
RM371,2716,Upto 5k,156,90,25422,15,0
RM664,2693,Upto 5k,1427,65,8870,19,0
RM018,2935,Upto 5k,1123,96,7324,13,2
RM110,2871,Upto 5k,534,59,23785,15,0
RM861,2853,Upto 5k,1256,48,4223,11,1
RM1274,2398,Upto 5k,1294,79,15999,17,0
RM087,2322,Upto 5k,541,62,9518,13,1
RM587,2694,Upto 5k,1092,60,26551,11,3
RM872,2210,Upto 5k,984,97,3372,13,1
RM1061,3172,Upto 5k,381,89,16998,11,0
RM1062,2033,Upto 5k,830,78,7103,13,1
RM1223,1555,Upto 5k,240,58,11585,11,1
RM684,2413,Upto 5k,867,36,18798,18,3
RM461,4306,Upto 5k,775,45,4267,12,2
RM464,2340,Upto 5k,471,66,23213,18,0
RM042,2341,Upto 5k,1240,33,19715,13,1
RM616,1706,Upto 5k,443,50,16571,11,3
RM971,2534,Upto 5k,1291,98,6527,14,1
RM1380,2863,Upto 5k,1337,58,19555,12,0
RM265,3485,Upto 5k,529,79,14935,11,0
RM801,2596,Upto 5k,1009,45,7160,15,2
RM1069,2561,Upto 5k,289,38,5355,11,0
RM1070,1563,Upto 5k,1423,72,12530,14,1
RM1338,2856,Upto 5k,1172,78,3692,19,1
RM266,6644,5k-10k,1210,78,3687,19,2
RM547,2642,Upto 5k,1396,99,2755,11,0
RM590,2319,Upto 5k,805,36,6689,11,1
RM1105,2451,Upto 5k,598,91,22376,18,2
RM1259,2109,Upto 5k,590,91,10007,13,1
RM1330,2804,Upto 5k,352,87,15434,11,0
RM1366,1091,Upto 5k,746,45,10642,17,0
RM382,2476,Upto 5k,202,72,17434,18,1
RM481,2033,Upto 5k,448,74,14470,18,1
RM1053,1274,Upto 5k,990,64,7152,13,2
RM1339,1081,Upto 5k,945,89,16019,13,0
RM440,9824,5k-10k,534,66,22908,12,0
RM981,2785,Upto 5k,703,90,11882,14,0
RM1013,1359,Upto 5k,667,50,16154,12,0
RM1017,1261,Upto 5k,202,34,22262,12,0
RM1258,8161,5k-10k,1079,70,19002,13,3
RM1313,2956,Upto 5k,359,89,21495,17,0
RM1403,1129,Upto 5k,1276,59,17536,11,3
RM102,2956,Upto 5k,827,71,15178,13,0
RM851,2827,Upto 5k,862,76,14947,12,3
RM1206,1393,Upto 5k,1259,95,24852,12,0
RM1238,6735,5k-10k,964,34,12147,15,0
RM1320,4648,Upto 5k,1318,79,26075,13,0
RM364,2851,Upto 5k,350,34,9150,13,0
RM1075,6388,5k-10k,516,69,22049,17,0
RM115,4505,Upto 5k,1031,45,15000,15,1
RM561,5121,5k-10k,167,32,4187,14,1
RM804,2979,Upto 5k,697,40,22478,17,3
RM907,2585,Upto 5k,1320,89,21643,17,0
RM1116,2972,Upto 5k,479,35,22061,13,0
RM041,1951,Upto 5k,464,75,10910,12,1
RM516,1281,Upto 5k,727,41,16900,18,2
RM558,5093,5k-10k,1225,61,4761,11,1
RM1060,2404,Upto 5k,660,76,16192,13,1
RM1111,2074,Upto 5k,104,69,26619,12,1
RM299,3688,Upto 5k,566,81,7122,18,2
RM762,4834,Upto 5k,660,81,7858,14,1
RM1122,6815,5k-10k,884,73,21447,13,0
RM003,2090,Upto 5k,1373,92,2396,15,0
RM105,5163,5k-10k,1040,100,15850,14,1
RM523,4680,Upto 5k,1225,80,15232,17,0
RM629,6334,5k-10k,342,66,24558,19,2
RM745,4777,Upto 5k,1141,61,14382,15,0
RM796,6694,5k-10k,309,88,24223,14,3
RM199,6553,5k-10k,1261,88,7259,14,0
RM205,6673,5k-10k,1180,70,11354,19,0
RM472,9824,5k-10k,1495,76,22174,19,1
RM491,2619,Upto 5k,362,43,14561,17,0
RM543,7861,5k-10k,168,81,15397,14,0
RM748,6861,5k-10k,1035,42,4981,12,0
RM812,7351,5k-10k,130,32,20619,16,0
RM1203,3306,Upto 5k,1495,87,26176,19,1
RM1392,2858,Upto 5k,1404,59,11473,14,0
RM034,2086,Upto 5k,895,56,3335,14,1
RM328,5238,5k-10k,1162,41,17778,18,0
RM602,5094,5k-10k,720,51,11983,14,0
RM685,9705,5k-10k,658,67,20652,12,1
RM707,13194,10k-15k,1479,100,17071,16,0
RM867,4327,Upto 5k,1184,62,25440,12,3
RM1230,6516,5k-10k,369,92,5041,16,1
RM1428,2406,Upto 5k,543,83,4060,19,2
RM216,13591,10k-15k,896,75,14674,18,0
RM243,3072,Upto 5k,1411,36,19877,16,2
RM831,4766,Upto 5k,167,46,9051,11,1
RM865,2107,Upto 5k,906,95,20293,17,1
RM349,15992,15k+,810,44,15901,14,0
RM742,18303,15k+,265,90,7770,13,0
RM825,4272,Upto 5k,188,56,9558,19,0
RM888,13191,10k-15k,458,60,23281,17,0
RM926,2372,Upto 5k,603,78,5628,16,0
RM1089,4841,Upto 5k,1210,68,24052,14,1
RM1288,5538,5k-10k,1128,95,5696,18,2
RM1326,3968,Upto 5k,1142,81,13624,13,0
RM1379,5087,5k-10k,419,77,2900,12,2
RM334,9985,5k-10k,1001,43,9262,16,1
RM490,16627,15k+,782,50,2671,14,1
RM776,10798,10k-15k,415,79,5268,13,1
RM1263,2437,Upto 5k,807,38,15587,16,1
RM863,2290,Upto 5k,111,74,4279,13,0
RM1052,4768,Upto 5k,383,79,9282,12,1
RM068,9724,5k-10k,1339,59,18787,17,1
RM604,2274,Upto 5k,252,95,6153,14,0
RM366,5258,5k-10k,1144,30,16044,14,0
RM348,2976,Upto 5k,1309,99,25751,19,0
RM1235,4978,Upto 5k,543,87,3536,11,1
RM051,5381,5k-10k,626,98,19294,13,0
RM679,2259,Upto 5k,1469,51,5543,17,2
RM902,2559,Upto 5k,969,76,16620,11,0
RM905,18265,15k+,715,76,8733,12,0
RM900,18711,15k+,1098,85,12124,13,1
RM743,2380,Upto 5k,804,64,20165,18,0
RM802,4728,Upto 5k,959,81,17251,14,0
RM1127,19331,15k+,264,59,19519,16,1
RM157,6132,5k-10k,1169,34,13983,17,0
RM432,3780,Upto 5k,548,42,23428,11,0
RM1265,19038,15k+,478,60,19805,12,3
RM1372,5380,5k-10k,1443,89,20328,16,1
RM425,14118,10k-15k,210,56,22102,12,1
RM661,2380,Upto 5k,781,57,13384,14,1
RM1375,17875,15k+,605,72,11761,13,1
RM226,2177,Upto 5k,142,70,8456,17,1
RM172,2325,Upto 5k,602,100,20989,21,0
RM1340,2472,Upto 5k,391,75,26092,23,0
RM586,1601,Upto 5k,1243,63,3445,21,2
RM477,2127,Upto 5k,823,94,9100,21,1
RM1119,2061,Upto 5k,474,89,11133,21,0
RM765,1052,Upto 5k,1144,74,23384,22,0
RM712,2404,Upto 5k,906,92,11479,20,0
RM386,2285,Upto 5k,464,40,3427,23,0
RM502,2083,Upto 5k,160,71,22653,20,1
RM603,6877,5k-10k,946,52,20234,24,0
RM1395,9679,5k-10k,1373,56,10138,24,0
RM1256,8564,5k-10k,211,74,10092,20,0
RM119,2835,Upto 5k,922,39,2561,22,1
RM1316,6962,5k-10k,430,73,19573,22,1
RM048,3022,Upto 5k,408,73,10227,21,0
RM417,1702,Upto 5k,1490,42,12106,23,1
RM1033,3646,Upto 5k,592,54,17181,23,0
RM392,3448,Upto 5k,555,78,13436,22,1
RM357,6781,5k-10k,1332,98,17078,23,0
RM662,4765,Upto 5k,177,55,23814,21,1
RM287,3161,Upto 5k,920,43,19920,22,1
RM937,18061,15k+,364,83,13035,22,0
RM353,12504,10k-15k,530,91,23978,21,1
RM158,3346,Upto 5k,1145,75,11873,20,1
RM701,2479,Upto 5k,289,51,26227,24,0
RM1210,10883,10k-15k,370,92,20467,20,1
RM910,2994,Upto 5k,265,57,21221,12,0
RM024,1232,Upto 5k,391,96,19281,14,0
RM911,1223,Upto 5k,373,47,16901,22,1
RM043,2293,Upto 5k,1357,48,10558,12,0
RM1189,4187,Upto 5k,991,43,3356,13,1
RM008,2693,Upto 5k,1358,67,13335,22,1
RM1234,2862,Upto 5k,793,33,3811,12,1
RM1192,5476,5k-10k,1112,67,22589,11,2
RM352,2370,Upto 5k,1062,75,3956,13,1
RM638,2314,Upto 5k,300,61,9148,12,1
RM657,2795,Upto 5k,374,87,18016,24,0
RM683,2332,Upto 5k,1184,70,3974,20,0
RM050,2269,Upto 5k,1229,36,4892,19,0
RM193,5916,5k-10k,556,50,15497,13,0
RM1135,2690,Upto 5k,1349,63,7713,18,1
RM070,3388,Upto 5k,318,79,21777,17,1
RM075,3038,Upto 5k,132,55,22002,12,0
RM359,6653,5k-10k,845,45,15276,15,0
RM251,10048,10k-15k,504,61,22573,11,2
RM390,4197,Upto 5k,1305,49,21123,12,0
RM653,7642,5k-10k,1252,32,4814,13,0
RM560,3057,Upto 5k,268,92,20471,13,1
RM459,10932,10k-15k,1094,58,11373,15,1
RM1197,7082,5k-10k,1206,80,11591,16,0
RM1130,19613,15k+,1059,93,26362,22,0
RM078,13245,10k-15k,193,52,15067,14,0
RM1244,9756,5k-10k,176,56,6595,21,2
RM1136,17567,15k+,563,56,3156,15,0
RM429,5070,5k-10k,983,65,7389,13,3
RM720,4163,Upto 5k,955,83,8571,17,0
RM234,19517,15k+,854,68,24118,11,1
RM259,2723,Upto 5k,833,96,23231,11,0
RM066,14756,10k-15k,836,33,19730,14,3
RM675,10552,10k-15k,1272,37,9255,13,1
RM007,2670,Upto 5k,1324,81,9964,20,3
RM777,2323,Upto 5k,769,54,17205,14,0
RM975,5071,5k-10k,793,43,20392,20,0
RM922,2154,Upto 5k,791,44,6842,11,0
RM1073,3180,Upto 5k,410,97,4668,13,3
RM1251,6294,5k-10k,461,70,23060,12,0
RM1145,5332,5k-10k,715,54,21602,13,0
RM803,4302,Upto 5k,970,30,13401,17,1
RM379,5304,5k-10k,1362,67,4652,13,0
RM441,9950,5k-10k,988,43,11533,15,3
RM795,7756,5k-10k,618,45,22266,17,0
RM823,4033,Upto 5k,1003,95,15834,11,0
RM821,4968,Upto 5k,1182,54,18500,11,1
RM1457,5689,5k-10k,1199,80,24594,14,2
RM1129,5562,5k-10k,1302,80,19711,13,1
RM1441,5131,5k-10k,688,97,9192,13,3
RM1466,2571,Upto 5k,884,41,12290,17,1
RM276,13603,10k-15k,728,80,11677,18,2
RM983,2610,Upto 5k,693,57,15748,11,3
RM209,4876,Upto 5k,1151,63,14242,14,1
RM958,3544,Upto 5k,458,74,8532,16,1
RM1043,3162,Upto 5k,981,90,7973,14,0
RM250,6434,5k-10k,1199,77,5118,17,1
RM1363,5399,5k-10k,1297,44,14511,12,0
RM137,10650,10k-15k,1150,53,25150,15,0
RM1269,12965,10k-15k,661,60,22308,20,3
RM663,2044,Upto 5k,500,49,22052,13,0
RM667,4171,Upto 5k,617,34,10022,19,1
RM1214,2275,Upto 5k,427,99,25103,21,1
RM406,4031,Upto 5k,688,91,9396,13,1
RM289,2373,Upto 5k,1449,45,14180,13,1
RM015,2028,Upto 5k,103,50,12947,14,0
RM646,2800,Upto 5k,341,48,23522,19,3
RM215,2657,Upto 5k,1005,88,8556,11,0
RM721,2132,Upto 5k,138,48,11539,11,0
RM592,5324,5k-10k,118,69,26507,15,0
RM830,8224,5k-10k,603,77,18385,17,0
RM726,3743,Upto 5k,622,39,10074,24,1
RM101,2073,Upto 5k,807,63,23648,22,0
RM941,3904,Upto 5k,360,93,22154,13,0
RM1172,2166,Upto 5k,1329,73,3339,14,0
RM037,2683,Upto 5k,869,86,3810,14,0
RM1198,2728,Upto 5k,727,54,21082,11,0
RM346,2904,Upto 5k,1309,83,16092,12,2
RM517,2819,Upto 5k,885,58,8544,16,1
RM566,3505,Upto 5k,310,79,19630,18,0
RM097,4999,Upto 5k,1353,33,17519,21,1
RM381,4260,Upto 5k,1371,77,5915,12,1
RM639,4256,Upto 5k,583,87,18154,12,0
RM1004,3229,Upto 5k,949,81,4910,11,1
RM1414,3977,Upto 5k,977,57,7298,19,1
RM055,4157,Upto 5k,1443,47,21436,19,1
RM419,2886,Upto 5k,1349,90,3032,22,2
RM506,2659,Upto 5k,991,71,17759,13,1
RM1225,2305,Upto 5k,390,62,6217,15,3
RM1465,2966,Upto 5k,1167,30,21378,18,0
RM374,3816,Upto 5k,1469,82,17881,11,1
RM1170,3517,Upto 5k,486,86,22490,17,0
RM1468,6142,5k-10k,155,87,5174,20,1
RM163,2713,Upto 5k,440,42,6672,11,1
RM273,2070,Upto 5k,1158,94,2613,23,1
RM660,4908,Upto 5k,821,98,24252,14,0
RM255,6931,5k-10k,1247,45,10732,14,1
RM421,11935,10k-15k,986,93,21526,18,0
RM582,3833,Upto 5k,921,38,24375,21,2
RM783,9957,5k-10k,1176,85,9096,15,1
RM1014,4779,Upto 5k,855,73,12761,14,2
RM181,3929,Upto 5k,140,95,6984,23,1
RM310,4821,Upto 5k,691,86,10077,12,1
RM1036,2109,Upto 5k,1398,96,24609,18,0
RM1228,3477,Upto 5k,741,69,18103,14,1
RM1248,8346,5k-10k,1003,51,20943,19,1
RM017,3298,Upto 5k,334,80,15053,12,2
RM263,2176,Upto 5k,128,84,19737,13,0
RM623,4403,Upto 5k,117,73,9250,11,1
RM1076,11244,10k-15k,495,64,21072,25,0
RM1140,3312,Upto 5k,634,35,18783,17,2
RM247,2911,Upto 5k,832,63,14776,13,1
RM674,2799,Upto 5k,1198,100,3339,11,0
RM713,3452,Upto 5k,461,53,17241,18,0
RM1190,5505,5k-10k,392,93,3921,14,2
RM495,2579,Upto 5k,204,31,2912,18,2
RM614,3737,Upto 5k,829,88,2243,19,1
RM918,4538,Upto 5k,131,86,6039,12,0
RM1360,8103,5k-10k,735,75,16495,12,0
RM484,3681,Upto 5k,538,54,14004,14,0
RM581,2572,Upto 5k,384,72,20317,16,1
RM1124,6142,5k-10k,670,51,4223,16,0
RM1346,4788,Upto 5k,219,44,25388,11,0
RM136,4941,Upto 5k,216,84,2819,20,2
RM512,8847,5k-10k,913,48,13934,11,1
RM600,2143,Upto 5k,1041,36,25527,13,1
RM681,4678,Upto 5k,188,65,23293,18,0
RM1020,5647,5k-10k,329,98,13494,13,2
RM1174,8008,5k-10k,711,42,22792,12,2
RM1200,5347,5k-10k,1351,80,7419,14,2
RM079,13664,10k-15k,397,30,25258,13,0
RM341,6347,5k-10k,1192,61,23177,16,2
RM1002,3629,Upto 5k,1462,94,19106,18,0
RM1277,4189,Upto 5k,589,46,8800,14,2
RM1309,5405,5k-10k,723,77,4244,20,2
RM1377,4771,Upto 5k,1206,71,14293,19,2
RM968,2387,Upto 5k,329,88,6762,22,1
RM1029,2127,Upto 5k,1283,90,5561,12,0
RM254,6545,5k-10k,916,82,23016,13,0
RM397,4522,Upto 5k,1473,74,2227,14,0
RM494,5985,5k-10k,1112,50,26894,11,0
RM498,19513,15k+,1315,35,9358,12,1
RM632,2818,Upto 5k,986,62,5044,24,1
RM408,2654,Upto 5k,192,69,9655,21,2
RM855,4477,Upto 5k,1457,83,20100,19,1
RM080,5021,5k-10k,945,80,10425,22,1
RM210,9396,5k-10k,644,97,12368,16,1
RM430,17861,15k+,1009,51,2288,13,0
RM870,19081,15k+,1450,52,10849,11,1
RM493,15402,15k+,1236,40,17997,11,1
RM376,10965,10k-15k,1261,31,12066,24,0
RM640,3580,Upto 5k,1418,36,10554,16,1
RM184,3690,Upto 5k,328,86,3425,15,1
RM088,2075,Upto 5k,432,96,18725,23,2
RM972,13142,10k-15k,1405,82,24439,16,0
RM625,10934,10k-15k,661,78,20715,18,1
RM220,5940,5k-10k,1147,52,17011,14,1
RM1337,2662,Upto 5k,836,98,7975,20,1
RM893,1859,Upto 5k,504,96,6148,25,0
RM1175,5206,5k-10k,772,77,4973,17,2
RM067,6499,5k-10k,1195,95,22656,13,0
RM306,5674,5k-10k,1105,47,6927,15,1
RM542,11713,10k-15k,427,63,20335,14,1
RM570,7587,5k-10k,1434,76,14229,15,0
RM709,5079,5k-10k,1229,84,25952,13,2
RM818,7779,5k-10k,217,78,23238,20,0
RM901,3692,Upto 5k,469,46,9256,12,0
RM1348,3886,Upto 5k,1213,94,4223,21,0
RM1384,2810,Upto 5k,1351,66,9238,22,0
RM223,12185,10k-15k,663,47,10056,14,3
RM649,2973,Upto 5k,1231,54,21222,15,1
RM723,2684,Upto 5k,1391,66,12127,17,1
RM1257,2468,Upto 5k,594,75,15963,14,1
RM1374,2133,Upto 5k,1394,58,18115,16,1
RM450,3755,Upto 5k,443,48,17872,11,1
RM817,6782,5k-10k,439,70,8770,15,0
RM993,10920,10k-15k,1485,71,3449,21,1
RM692,3617,Upto 5k,1469,35,25063,14,1
RM846,4422,Upto 5k,902,92,21203,13,1
RM1030,3975,Upto 5k,663,81,23099,11,2
RM460,6811,5k-10k,509,62,2112,17,0
RM717,19419,15k+,840,64,3735,17,1
RM198,5265,5k-10k,926,36,16439,16,1
RM410,4556,Upto 5k,532,92,12932,11,1
RM414,4523,Upto 5k,1368,88,4386,11,3
RM879,6272,5k-10k,179,79,12858,16,1
RM331,5257,5k-10k,559,82,6227,11,1
RM813,10820,10k-15k,1082,83,11535,11,1
RM1166,5743,5k-10k,602,37,10503,11,0
RM505,4286,Upto 5k,306,100,5630,14,2
RM697,4447,Upto 5k,805,57,23163,12,0
RM719,3633,Upto 5k,248,42,14039,15,1
RM049,5772,5k-10k,1211,98,20445,21,0
RM1469,5390,5k-10k,1023,63,13243,14,0
RM107,18172,15k+,1115,73,9755,19,0
RM752,6347,5k-10k,145,95,24920,12,1
RM1453,6728,5k-10k,878,94,14255,12,2
RM628,13826,10k-15k,890,81,19028,22,0
RM995,13247,10k-15k,322,59,9731,11,1
RM1435,3482,Upto 5k,585,40,19788,15,2
RM333,4869,Upto 5k,928,31,16885,12,0
RM773,2942,Upto 5k,1240,63,12154,19,1
RM108,5744,5k-10k,240,46,26959,11,0
RM022,3407,Upto 5k,1218,82,6986,23,0
RM1292,4213,Upto 5k,370,58,4992,15,0
RM001,5993,5k-10k,1102,94,19479,11,0
RM183,3140,Upto 5k,1356,70,21728,22,0
RM858,2936,Upto 5k,1097,96,10826,11,0
RM929,7978,5k-10k,621,73,14075,11,1
RM1334,7314,5k-10k,1254,64,14011,21,3
RM854,2552,Upto 5k,645,54,7172,25,0
RM551,2500,Upto 5k,650,37,4344,14,1
RM1026,4162,Upto 5k,1476,42,15211,12,2
RM1098,2296,Upto 5k,350,57,10036,14,3
RM1218,4401,Upto 5k,581,62,17616,16,1
RM479,2096,Upto 5k,622,40,26376,11,0
RM619,3424,Upto 5k,180,65,21632,13,0
RM635,4194,Upto 5k,141,98,14363,18,0
RM1434,4907,Upto 5k,1382,85,13684,22,1
RM039,3419,Upto 5k,852,82,13072,14,1
RM594,5228,5k-10k,676,35,23361,15,1
RM634,2342,Upto 5k,1278,77,8635,21,0
RM1012,9278,5k-10k,1174,99,20763,16,0
RM1184,6842,5k-10k,1040,79,26308,20,1
RM1454,6652,5k-10k,1120,100,14369,13,1
RM060,5993,5k-10k,1115,51,2689,18,1
RM249,3920,Upto 5k,1017,83,18697,14,1
RM274,6502,5k-10k,228,98,22825,14,1
RM365,3452,Upto 5k,921,98,17663,20,1
RM768,4107,Upto 5k,124,35,13848,15,0
RM1159,5768,5k-10k,671,85,26493,17,3
RM1345,4284,Upto 5k,783,78,13588,22,1
RM169,8686,5k-10k,702,59,12930,22,0
RM308,12061,10k-15k,849,81,26707,17,1
RM519,4028,Upto 5k,243,46,7791,20,0
RM1162,7756,5k-10k,397,54,14199,19,1
RM1273,3702,Upto 5k,1153,40,16376,11,1
RM655,5204,5k-10k,1383,42,7790,11,2
RM706,7880,5k-10k,903,41,2560,18,0
RM1156,3069,Upto 5k,170,76,10302,15,1
RM336,7457,5k-10k,1124,57,13273,22,3
RM1287,3377,Upto 5k,616,99,25605,17,1
RM1300,6513,5k-10k,1194,52,9060,17,1
RM1458,2001,Upto 5k,1194,98,12549,14,3
RM134,8189,5k-10k,802,96,21196,13,1
RM301,16015,15k+,334,88,15896,19,0
RM404,8392,5k-10k,645,49,19566,16,1
RM784,3376,Upto 5k,509,43,18863,13,0
RM1267,2289,Upto 5k,548,94,20520,20,2
RM1446,13570,10k-15k,582,60,5640,23,1
RM1449,8938,5k-10k,930,57,12227,11,1
RM598,6062,5k-10k,932,43,4051,13,1
RM673,6244,5k-10k,462,68,7824,17,0
RM1000,16799,15k+,1147,31,16616,14,1
RM1264,2766,Upto 5k,855,57,8952,22,3
RM899,19740,15k+,920,96,18625,14,1
RM1134,4876,Upto 5k,990,87,5855,12,1
RM1400,7510,5k-10k,574,30,16873,17,1
RM142,3452,Upto 5k,1316,83,9752,13,0
RM154,2348,Upto 5k,194,60,10901,18,1
RM175,5006,5k-10k,1268,30,6319,11,1
RM626,10761,10k-15k,930,74,19239,12,1
RM714,2270,Upto 5k,974,91,11005,14,2
RM760,2177,Upto 5k,788,36,8318,16,0
RM1035,10851,10k-15k,1038,95,19863,18,1
RM1093,2132,Upto 5k,950,97,4585,20,1
RM1455,4850,Upto 5k,374,50,23333,15,0
RM413,4810,Upto 5k,1485,87,26314,14,1
RM724,10845,10k-15k,566,75,24208,13,1
RM917,18789,15k+,168,33,9946,14,1
RM1232,5562,5k-10k,717,34,9697,14,0
RM1236,10368,10k-15k,1277,74,5596,12,1
RM970,7898,5k-10k,855,54,18706,11,0
RM317,13964,10k-15k,1091,90,17810,12,0
RM474,19502,15k+,1245,58,2125,17,1
RM1055,10466,10k-15k,1490,35,20948,14,2
RM1196,15379,15k+,809,36,22384,14,0
RM1255,4507,Upto 5k,1313,80,8191,12,0
RM589,17639,15k+,691,64,6881,16,0
RM377,4936,Upto 5k,1178,87,14862,11,1
RM963,14026,10k-15k,770,84,17588,11,1
RM407,7969,5k-10k,319,39,19609,14,0
RM1001,2950,Upto 5k,258,54,17363,13,0
RM096,13549,10k-15k,1217,60,24001,12,1
RM729,10739,10k-15k,1441,56,13943,11,1
RM895,17779,15k+,685,85,23474,14,0
RM284,5415,5k-10k,147,37,15972,19,1
RM1011,14732,10k-15k,1136,81,12414,13,2
RM086,7260,5k-10k,1400,49,21698,11,0
RM759,11904,10k-15k,1089,66,11038,14,1
RM898,5171,5k-10k,326,48,16490,17,0
RM844,4420,Upto 5k,1384,82,13421,22,1
RM1005,3578,Upto 5k,652,100,23577,12,0
RM192,2279,Upto 5k,894,99,11781,16,0
RM321,4478,Upto 5k,1377,74,5242,11,0
RM340,6214,5k-10k,1130,56,3415,18,1
RM486,2187,Upto 5k,798,66,5013,12,2
RM531,7412,5k-10k,608,68,6009,11,0
RM555,6811,5k-10k,975,55,23398,19,0
RM611,12808,10k-15k,269,42,8842,16,1
RM671,2318,Upto 5k,618,76,17808,19,0
RM903,2517,Upto 5k,1167,76,3208,11,3
RM1150,4066,Upto 5k,1302,67,16290,11,2
RM1351,6500,5k-10k,511,89,26997,14,0
RM1394,4105,Upto 5k,954,44,5099,14,0
RM290,3310,Upto 5k,1117,66,4488,21,0
RM303,5661,5k-10k,1476,68,4824,19,0
RM375,5253,5k-10k,304,92,20750,16,0
RM630,4936,Upto 5k,1169,63,23965,13,1
RM820,3201,Upto 5k,1451,67,19911,17,0
RM985,4724,Upto 5k,736,48,24232,11,1
RM1152,4877,Upto 5k,580,39,20460,21,1
RM1284,2044,Upto 5k,1181,82,5531,11,1
RM012,4193,Upto 5k,153,49,12682,12,0
RM072,2703,Upto 5k,1328,76,4956,23,1
RM595,2700,Upto 5k,1252,81,23779,24,1
RM658,2532,Upto 5k,1086,62,6054,14,3
RM853,3131,Upto 5k,1401,54,26342,13,1
RM1006,7988,5k-10k,332,51,9769,13,0
RM1064,8620,5k-10k,1246,77,23757,14,2
RM1091,9715,5k-10k,441,39,7288,13,1
RM1388,5373,5k-10k,136,89,6225,12,1
RM1460,4025,Upto 5k,1378,46,23679,13,1
RM1461,3785,Upto 5k,468,73,8489,14,0
RM144,2632,Upto 5k,438,75,23910,14,0
RM411,6091,5k-10k,317,43,24793,20,0
RM866,4115,Upto 5k,1329,61,13192,19,3
RM949,11916,10k-15k,634,95,25927,23,2
RM1297,9667,5k-10k,1092,64,2739,14,0
RM435,10648,10k-15k,1274,33,14394,25,1
RM451,6582,5k-10k,828,77,8346,13,0
RM457,11557,10k-15k,688,44,25291,21,1
RM645,2356,Upto 5k,1222,48,14871,19,1
RM896,6833,5k-10k,1332,80,17089,12,0
RM1342,4197,Upto 5k,311,89,18624,11,1
RM074,6220,5k-10k,548,66,7346,17,2
RM323,5055,5k-10k,1018,74,10557,16,0
RM501,6322,5k-10k,646,92,18089,12,1
RM528,5396,5k-10k,929,55,21703,12,0
RM936,6209,5k-10k,604,56,11693,15,2
RM1027,9204,5k-10k,601,97,23343,12,1
RM1242,9610,5k-10k,371,80,3840,13,1
RM031,2496,Upto 5k,924,78,6670,11,0
RM177,2500,Upto 5k,134,90,10515,14,0
RM456,16184,15k+,922,95,22578,19,1
RM620,4037,Upto 5k,586,48,21816,22,1
RM656,2277,Upto 5k,1075,57,22650,11,1
RM909,8380,5k-10k,536,82,21708,14,2
RM1067,3838,Upto 5k,1099,82,8192,11,0
RM1092,4320,Upto 5k,575,44,24152,13,0
RM1364,5487,5k-10k,217,43,10410,14,0
RM758,9725,5k-10k,216,75,12278,11,1
RM764,2220,Upto 5k,1333,87,18410,19,1
RM1028,3294,Upto 5k,401,86,3708,17,1
RM011,2426,Upto 5k,809,84,16479,13,1
RM082,2859,Upto 5k,1214,30,26278,18,0
RM152,7295,5k-10k,662,94,11439,13,2
RM345,8095,5k-10k,1296,62,18264,13,0
RM373,6540,5k-10k,755,97,19394,19,0
RM439,7632,5k-10k,1276,72,14295,12,0
RM462,4859,Upto 5k,195,80,6698,16,0
RM677,4014,Upto 5k,1137,51,19170,25,1
RM705,7823,5k-10k,882,92,6812,13,1
RM974,5363,5k-10k,817,60,10846,12,1
RM1233,6883,5k-10k,1370,49,5151,16,1
RM1303,2705,Upto 5k,185,91,9696,16,1
RM1381,5561,5k-10k,682,71,15975,16,1
RM1393,5204,5k-10k,1224,55,13586,11,0
RM1425,5098,5k-10k,1395,48,18698,19,0
RM798,2377,Upto 5k,1330,37,19373,20,1
RM496,3041,Upto 5k,1420,85,16346,11,1
RM843,2515,Upto 5k,1485,79,22955,11,0
RM1137,2408,Upto 5k,329,51,7324,17,3
RM1391,2367,Upto 5k,1404,32,18779,12,1
RM230,2389,Upto 5k,896,86,14961,13,0
RM337,2119,Upto 5k,318,77,4759,11,0
RM1078,2362,Upto 5k,224,100,7568,13,0
RM141,4200,Upto 5k,1033,41,10224,22,0
RM235,2436,Upto 5k,813,58,22149,13,1
RM383,3102,Upto 5k,575,73,6582,22,0
RM686,4294,Upto 5k,1283,52,11148,12,0
RM165,2566,Upto 5k,1450,79,25326,15,1
RM213,9981,5k-10k,1242,90,12916,14,0
RM522,4647,Upto 5k,1410,71,16673,20,2
RM1318,2379,Upto 5k,1297,53,19826,14,0
RM098,4221,Upto 5k,120,43,8863,15,0
RM828,2703,Upto 5k,773,39,22088,14,1
RM1365,6834,5k-10k,783,42,19255,12,1
RM156,4319,Upto 5k,1496,41,26283,13,1
RM283,4554,Upto 5k,442,44,20260,18,0
RM350,4649,Upto 5k,746,61,16928,14,1
RM698,2157,Upto 5k,1404,84,18203,15,1
RM1058,5765,5k-10k,115,51,17485,11,0
RM121,2613,Upto 5k,1312,96,22310,25,3
RM217,6696,5k-10k,334,52,22967,15,0
RM624,3761,Upto 5k,1012,75,2373,12,1
RM1245,4968,Upto 5k,1312,78,26427,16,0
RM680,6932,5k-10k,1188,45,24406,13,1
RM727,4148,Upto 5k,853,96,11275,12,1
RM1396,5617,5k-10k,754,63,21075,11,0
RM145,4668,Upto 5k,689,35,22812,17,3
RM261,2794,Upto 5k,1311,100,26062,20,0
RM882,4998,Upto 5k,1316,38,2338,14,0
RM1261,2718,Upto 5k,953,65,17674,14,0
RM1376,2432,Upto 5k,238,47,15318,14,0
RM122,6146,5k-10k,750,95,15480,13,1
RM329,4682,Upto 5k,508,46,4317,14,0
RM873,4539,Upto 5k,1146,82,4905,12,1
RM1048,4373,Upto 5k,430,54,17456,14,2
RM1416,2008,Upto 5k,1313,59,20439,12,3
RM112,6074,5k-10k,658,66,22887,24,0
RM978,2029,Upto 5k,999,92,15891,20,3
RM1268,4001,Upto 5k,1375,87,12313,14,1
RM1291,5346,5k-10k,234,93,6208,17,1
RM229,8789,5k-10k,944,92,9096,14,0
RM103,2926,Upto 5k,871,66,19783,18,0
RM1138,2814,Upto 5k,457,85,10293,14,0
RM1439,1790,Upto 5k,638,33,26956,19,1
RM021,4011,Upto 5k,673,96,8232,18,1
RM1169,3760,Upto 5k,567,32,17218,13,0
RM268,4000,Upto 5k,675,85,18384,12,2
RM912,1118,Upto 5k,599,73,8040,14,0
RM279,6397,5k-10k,1479,84,26767,20,1
RM454,2741,Upto 5k,426,58,22808,11,1
RM615,2366,Upto 5k,887,88,20898,14,1
RM770,2007,Upto 5k,921,66,25265,13,2
RM044,8726,5k-10k,994,37,2975,15,0
RM332,6349,5k-10k,210,73,22107,13,1
RM538,8793,5k-10k,294,32,4809,21,2
RM577,4342,Upto 5k,829,84,24008,19,1
RM781,8722,5k-10k,1366,72,12355,12,0
RM1071,4898,Upto 5k,467,55,11827,14,0
RM1382,2144,Upto 5k,1103,49,2122,14,0
RM824,3291,Upto 5k,490,61,17940,14,2
RM1126,8853,5k-10k,995,87,24483,19,1
RM1333,2439,Upto 5k,459,73,14753,24,0
RM420,2097,Upto 5k,1400,53,16734,15,1
RM932,4695,Upto 5k,879,72,12858,18,0
RM225,4345,Upto 5k,979,90,4381,12,1
RM260,3479,Upto 5k,307,71,11652,11,0
RM1240,5238,5k-10k,163,30,6670,20,0
RM1464,9936,5k-10k,325,74,3787,19,0
RM1227,3433,Upto 5k,585,56,17360,13,1
RM040,5376,5k-10k,1141,42,3193,19,2
RM1254,5147,5k-10k,1283,62,10697,15,0
RM1266,3055,Upto 5k,775,90,6194,15,2
RM189,9547,5k-10k,1069,45,14074,17,0
RM416,2351,Upto 5k,296,33,12253,16,1
RM607,2553,Upto 5k,702,100,8306,16,0
RM924,4490,Upto 5k,648,56,21833,11,2
RM1016,2996,Upto 5k,560,91,20284,14,2
RM057,9069,5k-10k,853,71,11031,22,1
RM962,4249,Upto 5k,482,87,2690,11,0
RM1216,4930,Upto 5k,146,79,13970,14,0
RM1289,5762,5k-10k,1180,90,24442,14,1
RM208,2153,Upto 5k,635,73,7703,13,0
RM360,9699,5k-10k,541,48,7246,11,1
RM1023,3500,Upto 5k,1413,84,25470,14,0
RM1212,9525,5k-10k,1278,31,7677,14,2
RM009,9526,5k-10k,216,44,8787,21,0
RM084,5329,5k-10k,573,79,15717,12,3
RM704,5666,5k-10k,152,85,19899,13,0
RM1452,5343,5k-10k,345,100,5982,11,1
RM401,19197,15k+,1218,52,8213,14,1
RM1438,19431,15k+,105,87,15302,13,0
RM534,10475,10k-15k,580,48,23772,21,1
RM447,6230,5k-10k,267,56,13430,14,0
RM961,4103,Upto 5k,1018,66,4297,17,1
RM316,2455,Upto 5k,185,33,10675,19,0
RM544,3708,Upto 5k,381,49,2104,14,0
RM567,6397,5k-10k,719,77,10339,12,0
RM1371,5467,5k-10k,1169,64,2125,18,1
RM002,5130,5k-10k,279,61,24907,23,1
RM202,6804,5k-10k,1002,92,23793,15,2
RM1007,4284,Upto 5k,1475,97,22710,20,0
RM529,6796,5k-10k,562,50,23452,14,1
RM891,10502,10k-15k,966,53,9659,17,1
RM1077,16032,15k+,1050,87,24456,20,1
RM1442,6306,5k-10k,667,57,26236,21,1
RM071,5473,5k-10k,1225,57,24668,11,0
RM1272,2679,Upto 5k,337,31,4567,13,0
RM415,3202,Upto 5k,1448,62,21972,16,0
RM398,4487,Upto 5k,891,99,12090,11,0
RM564,6180,5k-10k,883,32,22807,23,0
RM886,4950,Upto 5k,1356,57,20623,14,0
RM476,6272,5k-10k,703,66,7428,20,2
RM1298,2148,Upto 5k,920,69,6889,11,0
RM1042,8463,5k-10k,866,84,23490,18,0
RM206,7639,5k-10k,121,35,24525,22,3
RM344,8268,5k-10k,144,39,11866,14,2
RM1173,5869,5k-10k,469,42,23413,11,0
RM845,6578,5k-10k,852,72,2706,18,1
RM1065,2064,Upto 5k,330,46,15428,21,1
RM1110,9250,5k-10k,1288,33,17799,12,1
RM1252,7140,5k-10k,979,94,3088,11,1
RM311,6410,5k-10k,106,62,17822,12,0
RM322,7547,5k-10k,691,73,7143,12,3
RM1359,6583,5k-10k,1079,86,20115,11,1
RM864,3600,Upto 5k,147,99,8429,13,1
RM568,6274,5k-10k,304,60,18686,22,0
RM835,5714,5k-10k,1400,70,5829,20,0
RM1343,9713,5k-10k,1480,64,24444,13,3
RM1386,8628,5k-10k,1239,39,22914,18,1
RM1447,6712,5k-10k,704,95,8978,21,2
RM699,4601,Upto 5k,1219,86,6179,16,0
RM836,4323,Upto 5k,528,100,7108,17,0
RM871,8966,5k-10k,1361,94,21026,15,3
RM1451,8837,5k-10k,1146,31,16642,16,0
RM1341,5673,5k-10k,1266,63,6060,13,1
RM1356,5507,5k-10k,335,33,16822,16,2
RM116,7428,5k-10k,1189,87,14506,12,0
RM487,9602,5k-10k,558,75,3010,11,1
RM964,6893,5k-10k,1009,31,19461,15,1
RM987,6120,5k-10k,1498,44,3567,12,2
RM369,6380,5k-10k,575,68,6110,12,2
RM388,5715,5k-10k,759,46,22553,12,2
RM418,18041,15k+,1398,79,13022,14,0
RM885,6852,5k-10k,107,84,11591,12,1
RM947,9094,5k-10k,299,57,17235,12,0
RM1357,4393,Upto 5k,337,54,26841,21,1
RM351,2696,Upto 5k,544,52,24017,11,1
RM840,5155,5k-10k,647,45,2253,13,0
RM236,16064,15k+,1034,80,7744,22,1
RM850,5346,5k-10k,1372,85,9489,13,0
RM1270,3539,Upto 5k,244,97,5033,13,0
RM053,5454,5k-10k,1488,75,4009,21,1
RM756,17650,15k+,1234,90,5404,13,1
RM914,18824,15k+,1449,94,2493,16,0
RM533,4960,Upto 5k,703,42,11825,12,0
RM1155,19658,15k+,1176,98,5220,11,1
RM092,5441,5k-10k,632,71,8423,22,0
RM562,16856,15k+,621,31,10084,11,0
RM083,10239,10k-15k,111,70,18092,14,1
RM1402,19636,15k+,189,71,25811,18,1
RM099,13872,10k-15k,682,37,24409,13,0
RM880,5220,5k-10k,696,52,10893,18,1
RM178,1102,Upto 5k,303,47,9241,22,0
RM514,1009,Upto 5k,1362,32,26999,11,0
RM778,1416,Upto 5k,1334,36,17258,13,0
RM218,2058,Upto 5k,992,85,19757,14,0
RM422,2546,Upto 5k,408,71,18300,16,0
RM940,4883,Upto 5k,1089,79,22845,18,1
RM237,2707,Upto 5k,465,39,21509,20,0
RM437,3408,Upto 5k,587,38,6705,13,3
RM025,2960,Upto 5k,699,83,17102,11,0
RM1113,4855,Upto 5k,903,81,7653,11,2
RM1084,2018,Upto 5k,676,86,21831,14,0
RM668,2778,Upto 5k,1085,57,17725,13,1
RM1112,10169,10k-15k,607,78,14618,16,1
RM569,19859,15k+,725,78,21199,13,1
RM1355,2587,Upto 5k,1162,97,10261,16,0
RM275,3230,Upto 5k,996,100,10531,17,0
RM735,2451,Upto 5k,217,94,6881,15,1
RM1409,2647,Upto 5k,571,78,13672,13,0
RM475,2725,Upto 5k,691,89,21630,11,2
RM256,4898,Upto 5k,685,62,7505,12,2
RM734,5472,5k-10k,1066,32,3334,12,0
RM782,3955,Upto 5k,192,59,11141,16,2
RM999,3904,Upto 5k,683,36,4050,12,0
RM1350,2933,Upto 5k,482,90,14908,13,1
RM171,3058,Upto 5k,1157,51,13364,16,1
RM513,2045,Upto 5k,1115,54,15174,13,0
RM1018,2099,Upto 5k,1377,91,7679,14,0
RM1249,3445,Upto 5k,1054,67,6152,11,0
RM405,4558,Upto 5k,1300,79,13535,12,1
RM789,3660,Upto 5k,857,59,7909,13,0
RM810,7655,5k-10k,950,93,8039,17,3
RM1074,6549,5k-10k,1083,96,3173,14,2
RM253,2340,Upto 5k,665,60,22673,19,0
RM573,4335,Upto 5k,657,66,25549,12,1
RM809,2514,Upto 5k,1107,93,26968,22,1
RM860,2168,Upto 5k,942,69,26933,18,1
RM904,6623,5k-10k,1329,82,4204,11,2
RM906,16124,15k+,694,87,3423,14,2
RM1123,4723,Upto 5k,1370,87,16213,18,0
RM1325,6384,5k-10k,726,93,21143,17,2
RM033,2206,Upto 5k,125,83,16117,13,0
RM147,2720,Upto 5k,1427,35,11162,13,0
RM325,5775,5k-10k,1275,64,11934,13,2
RM731,11416,10k-15k,153,73,17802,12,3
RM1142,2141,Upto 5k,241,48,5348,12,1
RM1260,5294,5k-10k,305,58,9128,16,1
RM1413,3748,Upto 5k,911,76,4077,13,0
RM059,5915,5k-10k,655,48,9528,22,1
RM073,2501,Upto 5k,1082,87,18775,17,0
RM076,4424,Upto 5k,746,61,20682,23,0
RM897,6812,5k-10k,1062,96,17198,19,0
RM1015,16422,15k+,182,93,8847,11,0
RM170,3038,Upto 5k,120,43,12430,20,0
RM627,5175,5k-10k,638,91,22162,12,1
RM1191,5470,5k-10k,977,45,25518,13,2
RM186,2756,Upto 5k,931,72,4673,13,1
RM222,2622,Upto 5k,147,47,13248,21,0
RM695,6949,5k-10k,1069,42,12291,14,0
RM085,4325,Upto 5k,1153,94,17736,15,0
RM482,3622,Upto 5k,254,83,22794,13,1
RM575,3280,Upto 5k,182,72,13551,16,0
RM580,4381,Upto 5k,121,86,7530,11,0
RM672,2008,Upto 5k,546,83,6896,14,2
RM959,8500,5k-10k,943,86,5494,11,1
RM612,10221,10k-15k,950,59,18869,21,0
RM621,2559,Upto 5k,1343,53,17852,11,0
RM841,2258,Upto 5k,982,58,16340,12,1
RM1151,5208,5k-10k,819,48,26312,11,0
RM1459,2977,Upto 5k,287,62,8952,12,1
RM874,2741,Upto 5k,917,60,6865,14,1
RM943,7094,5k-10k,325,63,5747,12,0
RM1019,5810,5k-10k,172,37,22604,16,0
RM1146,4663,Upto 5k,559,76,12421,12,2
RM1181,2013,Upto 5k,311,77,10950,11,0
RM196,3564,Upto 5k,290,65,22977,12,1
RM833,5731,5k-10k,367,52,17171,13,2
RM990,2996,Upto 5k,1439,54,5182,15,0
RM200,6261,5k-10k,1084,54,4185,18,1
RM530,7625,5k-10k,827,33,19383,13,0
RM785,8823,5k-10k,330,65,24608,18,1
RM1262,5811,5k-10k,833,60,24539,16,1
RM1431,13206,10k-15k,201,99,3376,12,1
RM950,4534,Upto 5k,524,32,13352,11,0
RM1176,5295,5k-10k,492,66,7693,21,0
RM1430,4108,Upto 5k,116,52,5340,13,0
RM1467,9991,5k-10k,613,42,21457,15,1
RM362,2213,Upto 5k,1171,46,22495,13,1
RM149,2238,Upto 5k,933,94,6961,21,1
RM167,2451,Upto 5k,465,56,4609,12,1
RM1421,2782,Upto 5k,642,76,21412,22,1
RM644,5231,5k-10k,1265,95,23726,13,1
RM036,2645,Upto 5k,1273,72,21923,12,2
RM610,17159,15k+,589,94,5200,24,1
RM996,4081,Upto 5k,930,73,20003,14,0
RM032,6465,5k-10k,1459,41,19121,13,0
RM1047,3420,Upto 5k,1467,49,21158,13,0
RM1141,19049,15k+,1313,31,3549,14,1
RM245,19202,15k+,252,70,15970,11,1
RM1143,5769,5k-10k,1015,50,23447,14,0
RM779,4615,Upto 5k,1003,74,21029,23,3
RM878,7379,5k-10k,150,60,17433,11,1
RM330,18300,15k+,1482,42,16375,11,1
RM678,7403,5k-10k,527,51,22477,11,1
RM1148,3211,Upto 5k,722,84,22102,14,1
RM280,19144,15k+,797,96,15815,14,2
RM368,10496,10k-15k,1046,100,2755,15,0
RM715,17399,15k+,1126,66,6615,22,1
RM722,13973,10k-15k,939,95,4161,18,1
RM1178,13269,10k-15k,813,50,21981,15,3
RM190,13734,10k-15k,313,98,7192,18,0
RM409,16555,15k+,1490,30,10310,13,0
RM588,3149,Upto 5k,1325,82,21821,20,1
RM185,4450,Upto 5k,1084,57,26250,11,2
RM281,17584,15k+,1070,45,21016,16,3
RM535,14814,10k-15k,970,59,13514,19,0
RM576,5485,5k-10k,376,95,22670,11,2
RM1306,6854,5k-10k,431,68,15696,15,1
RM1407,4440,Upto 5k,157,77,25198,19,0
RM553,11103,10k-15k,832,81,20420,11,0
RM1024,2066,Upto 5k,1255,90,10494,22,1
RM164,9439,5k-10k,334,83,23402,16,1
RM361,6755,5k-10k,593,88,2967,11,0
RM1010,19701,15k+,1055,76,22456,21,1
RM857,3033,Upto 5k,805,87,12828,12,0
RM358,2174,Upto 5k,756,99,9150,11,0
RM444,3894,Upto 5k,1368,99,9129,16,0
RM1202,3989,Upto 5k,1320,93,20586,11,0
RM1408,4617,Upto 5k,771,45,14120,12,0
RM518,4851,Upto 5k,810,57,15678,22,1
RM994,6232,5k-10k,1372,93,12477,11,0
RM574,5326,5k-10k,1146,38,3064,17,0
RM787,4621,Upto 5k,1277,87,5869,19,3
RM826,5056,5k-10k,718,79,17689,15,1
RM339,6118,5k-10k,570,30,5431,13,3
RM1247,2180,Upto 5k,600,66,9732,11,1
RM710,2321,Upto 5k,335,46,10322,22,0
RM240,3730,Upto 5k,515,62,9571,14,0
RM470,4707,Upto 5k,1474,60,23914,12,0
RM716,5488,5k-10k,827,84,20161,13,1
RM791,7119,5k-10k,654,34,21214,15,1
RM1253,2932,Upto 5k,181,97,5586,14,3
RM1470,4404,Upto 5k,628,82,10228,12,0
RM1109,2450,Upto 5k,992,68,21731,19,0
RM1183,4374,Upto 5k,894,33,15411,15,0
RM606,6288,5k-10k,471,45,4284,15,1
RM643,2899,Upto 5k,395,98,12102,19,1
RM1367,5736,5k-10k,1251,32,3987,19,1
RM347,6032,5k-10k,483,95,10110,15,0
RM1229,6430,5k-10k,552,60,20794,19,1
RM1295,6870,5k-10k,447,85,15530,12,0
RM131,4739,Upto 5k,957,72,16090,12,0
RM434,9071,5k-10k,1125,94,11563,19,1
RM666,3294,Upto 5k,1454,65,13137,18,0
RM1195,15972,15k+,1225,47,21086,14,3
RM1072,4789,Upto 5k,271,43,23070,25,1
RM300,5482,5k-10k,1302,84,16321,18,1
RM1204,7005,5k-10k,1395,48,3458,15,0
RM1208,3537,Upto 5k,1441,94,23737,12,1
RM309,5660,5k-10k,390,32,17056,13,1
RM842,3597,Upto 5k,477,49,6409,22,0
RM1308,3591,Upto 5k,1217,67,12719,25,1
RM1199,5368,5k-10k,530,36,16130,25,1
RM741,3917,Upto 5k,802,45,9541,20,1
RM1103,2644,Upto 5k,1157,70,17001,21,0
RM396,2258,Upto 5k,313,61,15238,20,1
RM497,3447,Upto 5k,1343,49,24444,11,0
RM1437,2380,Upto 5k,501,58,25479,11,0
RM384,2244,Upto 5k,253,43,24440,13,1
RM1424,3375,Upto 5k,581,63,17624,12,0
RM1083,2272,Upto 5k,507,97,24812,14,0
RM1239,3295,Upto 5k,160,51,12862,13,0
RM114,2774,Upto 5k,1127,52,13257,12,1
RM480,2886,Upto 5k,1287,55,14168,16,1
RM1231,3907,Upto 5k,506,91,3622,13,3
RM966,3669,Upto 5k,882,67,9075,11,3
RM1412,2187,Upto 5k,309,82,19655,14,0
RM763,2042,Upto 5k,342,57,15346,14,1
RM1310,4684,Upto 5k,572,46,9125,13,0
RM319,2478,Upto 5k,1220,85,20938,12,0
RM1171,2580,Upto 5k,591,87,6297,13,0
RM1368,2226,Upto 5k,1354,41,6073,11,1
RM934,2080,Upto 5k,640,84,4732,11,0
RM1057,2909,Upto 5k,1496,92,15747,15,1
RM372,2201,Upto 5k,1283,54,18168,16,0
RM455,4262,Upto 5k,232,34,22645,12,2
RM508,5561,5k-10k,1176,62,3487,14,1
RM894,3760,Upto 5k,1010,97,5598,15,3
RM1220,2974,Upto 5k,1082,43,25412,17,1
RM1344,2062,Upto 5k,592,59,19384,14,0
RM438,2983,Upto 5k,413,57,18398,14,0
RM733,2422,Upto 5k,109,60,25725,17,0
RM483,4233,Upto 5k,1365,46,11512,17,0
RM1418,3067,Upto 5k,1154,54,6393,19,1
RM239,3931,Upto 5k,1401,56,20990,11,1
RM992,4078,Upto 5k,499,36,20497,13,3
RM1114,4087,Upto 5k,1200,62,25174,14,1
RM1389,6667,5k-10k,1146,34,16542,18,1
RM1450,2439,Upto 5k,529,78,11288,14,0
RM500,7104,5k-10k,1216,39,20431,12,0
RM991,9998,5k-10k,1111,61,19293,13,0
RM014,2661,Upto 5k,1346,93,8758,11,1
RM160,2231,Upto 5k,303,75,11314,18,1
RM182,2311,Upto 5k,629,95,5711,15,0
RM394,6538,5k-10k,1381,72,12740,15,1
RM584,6500,5k-10k,1111,93,13305,17,1
RM069,2194,Upto 5k,664,79,5868,13,1
RM197,4425,Upto 5k,138,37,15986,11,0
RM295,2326,Upto 5k,889,53,11411,12,3
RM465,7491,5k-10k,799,59,23848,17,0
RM020,3944,Upto 5k,371,45,4306,11,0
RM288,5745,5k-10k,688,82,18899,14,1
RM1108,6077,5k-10k,888,71,14814,11,0
RM1121,4198,Upto 5k,437,90,16379,12,0
RM1401,2991,Upto 5k,1444,88,5224,11,1
RM241,2232,Upto 5k,1431,96,15417,14,3
RM1046,2345,Upto 5k,896,68,8045,14,1
RM1133,4639,Upto 5k,118,84,11262,15,1
RM389,2576,Upto 5k,201,95,20490,16,1
RM1420,5410,5k-10k,557,35,11189,17,1
RM1294,2438,Upto 5k,343,52,24978,13,0
RM100,2042,Upto 5k,489,67,25043,12,1
RM954,2362,Upto 5k,935,89,14669,12,0
RM1436,2436,Upto 5k,1037,42,13422,12,0
RM1038,9380,5k-10k,1448,55,14720,18,2
RM466,10527,10k-15k,1034,86,8984,11,0
RM1021,3420,Upto 5k,465,74,10205,12,1
RM1068,4591,Upto 5k,571,78,24200,17,1
RM291,18665,15k+,636,35,25594,11,0
RM1045,6651,5k-10k,1495,96,21534,14,1
RM1177,16413,15k+,301,72,3498,16,2
RM946,16880,15k+,1322,43,22422,11,0
RM571,4258,Upto 5k,715,41,26589,18,1
RM393,19406,15k+,821,86,8509,11,1
RM380,16659,15k+,1311,97,23258,13,0
RM788,10976,10k-15k,1091,65,15813,18,1
RM1066,4035,Upto 5k,1229,30,16143,16,0
RM641,3162,Upto 5k,1269,46,10778,17,0
RM749,4969,Upto 5k,265,79,21813,18,0
RM162,2024,Upto 5k,691,57,5970,18,1
RM945,6674,5k-10k,1476,55,16392,11,3
RM355,4736,Upto 5k,641,85,6069,12,1
RM424,8412,5k-10k,1398,69,2890,11,0
RM427,2564,Upto 5k,1116,49,7181,14,0
RM1406,11031,10k-15k,697,40,26862,20,1
RM242,4465,Upto 5k,976,100,12069,18,0
RM757,4025,Upto 5k,1109,69,11135,12,0
RM755,2342,Upto 5k,1038,88,21437,19,0
RM023,11994,10k-15k,419,53,21293,11,0
RM047,4568,Upto 5k,1065,72,10034,20,0
RM054,9884,5k-10k,1097,79,8302,13,1
RM889,10377,10k-15k,1212,78,13755,11,1
RM1423,2660,Upto 5k,1490,43,20232,11,1
RM399,4449,Upto 5k,1063,72,23866,15,2
RM262,5249,5k-10k,1327,39,19682,18,1
RM1290,2592,Upto 5k,1336,100,7129,13,3
RM1041,13757,10k-15k,218,55,25178,11,1
RM1099,4069,Upto 5k,1142,72,8841,18,0
RM955,17861,15k+,495,37,26582,13,0
RM1321,2936,Upto 5k,355,38,6161,22,2
RM194,2089,Upto 5k,1344,37,5228,14,3
RM195,16792,15k+,1195,65,20462,23,1
RM219,8865,5k-10k,1052,57,16840,12,0
RM1222,10748,10k-15k,1238,74,3395,23,1
RM1315,5154,5k-10k,589,67,19665,22,2
RM1286,7991,5k-10k,849,98,25166,15,0
RM1422,11957,10k-15k,1162,98,17231,18,2
RM805,16885,15k+,1262,35,16154,22,0
RM113,17328,15k+,142,30,13871,12,0
RM775,16756,15k+,444,40,17323,15,0
RM1302,16291,15k+,350,52,22577,22,1
RM106,18844,15k+,1420,32,21922,21,1
RM471,2400,Upto 5k,535,38,5530,13,2
RM1246,2145,Upto 5k,897,59,2097,14,1
RM572,4364,Upto 5k,575,71,5288,14,1
RM1362,2544,Upto 5k,1096,61,7102,18,1
RM201,4298,Upto 5k,472,60,9679,19,1
RM1335,4774,Upto 5k,1131,77,23844,19,1
RM1008,7553,5k-10k,337,84,22930,12,0
RM246,13675,10k-15k,1327,73,13523,12,1
RM819,2791,Upto 5k,793,67,21981,12,1
RM1037,3722,Upto 5k,523,94,21081,13,1
RM1307,9637,5k-10k,1125,68,8277,14,2
RM006,3068,Upto 5k,1005,79,11864,13,0
RM314,11878,10k-15k,553,74,23364,11,2
RM510,7725,5k-10k,1296,30,5335,23,1
RM848,5343,5k-10k,669,97,25755,20,0
RM921,4444,Upto 5k,135,46,22534,13,2
RM1056,17007,15k+,829,71,11929,14,2
RM982,4614,Upto 5k,662,67,23288,18,1
RM1003,9362,5k-10k,200,60,19944,11,0
RM1187,4581,Upto 5k,880,36,10414,24,0
RM118,9738,5k-10k,1467,92,22952,14,1
RM173,2088,Upto 5k,1480,30,15062,12,0
RM969,4639,Upto 5k,607,83,2261,16,1
RM227,2793,Upto 5k,319,41,2539,17,1
RM579,5980,5k-10k,240,75,26085,12,0
RM766,2821,Upto 5k,1186,44,2997,16,1
RM1188,4735,Upto 5k,1189,90,9867,15,2
RM1419,5321,5k-10k,508,72,14284,11,1
RM252,10938,10k-15k,505,64,6420,25,0
RM814,12169,10k-15k,203,84,13547,11,3
RM1160,5042,5k-10k,711,81,3140,13,0
RM1293,4127,Upto 5k,766,83,19188,18,1
RM838,13499,10k-15k,593,88,13782,17,0
RM148,17181,15k+,857,91,12888,13,1
RM989,5467,5k-10k,1200,75,13953,14,2
RM296,13525,10k-15k,555,77,14864,14,1
RM442,2093,Upto 5k,1474,97,9260,17,1
RM548,2759,Upto 5k,933,57,20366,12,0
RM633,2515,Upto 5k,1271,35,9068,14,0
RM839,13758,10k-15k,481,44,2447,12,0
RM1094,10124,10k-15k,288,40,18611,14,1
RM492,5679,5k-10k,1001,72,19627,13,1
RM549,6804,5k-10k,775,47,23683,18,1
RM651,5562,5k-10k,422,33,21782,13,1
RM1063,10209,10k-15k,1193,86,19719,18,0
RM094,10673,10k-15k,638,40,3142,13,1
RM545,13770,10k-15k,217,49,10225,12,2
RM1224,12936,10k-15k,1093,82,24164,11,0
RM1167,15202,15k+,365,89,5602,25,1
RM1205,2655,Upto 5k,708,95,11740,11,2
RM1352,17174,15k+,117,58,2437,11,1
RM1378,19161,15k+,1064,42,13738,15,0
RM132,9208,5k-10k,809,77,6645,11,0
RM868,17856,15k+,1421,30,9490,22,1
RM1139,11245,10k-15k,1234,41,20689,15,1
RM111,7484,5k-10k,1456,30,25796,20,0
RM919,19847,15k+,237,83,19196,24,1
RM931,2838,Upto 5k,968,40,4257,14,0
RM988,10596,10k-15k,541,52,15395,11,0
RM761,7525,5k-10k,124,38,23537,12,1
RM746,6385,5k-10k,135,62,12992,14,2
RM402,13212,10k-15k,906,86,18256,11,3
RM1311,15787,15k+,1216,87,21624,14,0
RM428,10266,10k-15k,1499,80,2845,19,0
RM546,5304,5k-10k,501,99,25275,23,1
RM485,5460,5k-10k,525,66,6219,22,2
RM1059,4599,Upto 5k,790,40,7815,23,0
RM1088,2308,Upto 5k,1440,55,4944,25,1
RM792,9582,5k-10k,1204,86,10333,22,0
RM1101,2430,Upto 5k,1402,98,26204,23,2
RM862,17048,15k+,1402,69,24097,23,0
RM652,4537,Upto 5k,249,35,17783,22,1
RM153,2306,Upto 5k,1436,34,16047,20,1
RM503,8381,5k-10k,238,34,7507,20,0
RM446,16835,15k+,1117,83,9873,23,0
RM526,4577,Upto 5k,693,65,24785,14,0
RM139,8639,5k-10k,959,41,24835,18,0
RM1022,4400,Upto 5k,383,68,15182,12,0
RM1370,9854,5k-10k,1475,84,23352,11,0
RM1314,2335,Upto 5k,350,56,3157,15,3
RM140,6347,5k-10k,1240,48,13982,19,0
RM168,9419,5k-10k,1339,41,8053,12,1
RM403,6577,5k-10k,1082,83,19558,11,0
RM703,7264,5k-10k,231,62,9977,11,1
RM1050,5301,5k-10k,1358,96,2939,15,2
RM125,6172,5k-10k,249,76,20739,18,0
RM133,4559,Upto 5k,542,71,24788,11,1
RM304,6929,5k-10k,218,100,12241,11,1
RM676,2329,Upto 5k,154,41,11737,15,0
RM1327,9907,5k-10k,414,82,26186,12,0
RM1429,2269,Upto 5k,234,68,18024,14,1
RM1106,6392,5k-10k,1242,46,10589,13,1
RM1049,4759,Upto 5k,1326,81,15891,18,0
RM1271,6029,5k-10k,511,32,25353,12,0
RM077,4312,Upto 5k,776,32,23016,14,0
RM298,8020,5k-10k,1232,96,5100,15,2
RM448,4717,Upto 5k,619,85,18659,11,0
RM1163,10306,10k-15k,737,55,21530,17,0
RM1168,5440,5k-10k,763,59,22098,14,2
RM1221,4502,Upto 5k,530,51,7439,15,0
RM1237,6134,5k-10k,1456,96,8658,13,3
RM1440,7644,5k-10k,557,94,12695,19,2
RM696,10609,10k-15k,625,46,14922,11,0
RM1281,4071,Upto 5k,1239,89,12832,13,0
RM224,10609,10k-15k,119,76,9647,12,2
RM808,8740,5k-10k,770,73,5569,14,2
RM1120,9924,5k-10k,1245,80,12355,11,1
RM1417,4440,Upto 5k,1321,86,7636,15,2
RM138,5902,5k-10k,1329,47,14590,14,1
RM552,6389,5k-10k,141,44,18767,15,1
RM1125,8237,5k-10k,1462,38,4658,11,1
RM1404,13341,10k-15k,119,77,25098,12,0
RM1463,12031,10k-15k,722,60,8828,11,1
RM159,10855,10k-15k,630,67,8552,11,1
RM1095,5473,5k-10k,1342,47,19345,12,0
RM1411,5677,5k-10k,444,92,4258,14,1
RM467,16595,15k+,1276,91,5626,16,1
RM536,19141,15k+,427,73,8861,15,3
RM1296,10447,10k-15k,796,81,26458,13,1
RM028,6825,5k-10k,691,48,21173,11,1
RM927,10231,10k-15k,531,56,20364,14,0
RM751,13320,10k-15k,1448,53,11737,18,1
RM790,10482,10k-15k,1376,91,2326,14,1
RM908,18213,15k+,1099,88,8751,11,1
RM1201,3195,Upto 5k,528,44,4167,18,3
RM453,4805,Upto 5k,561,61,16177,19,1
RM565,6632,5k-10k,954,46,12388,13,0
RM030,18947,15k+,705,83,22822,12,0
RM264,16872,15k+,488,75,14977,12,1
RM811,17465,15k+,406,52,15596,12,1
RM944,3423,Upto 5k,991,44,22957,12,0
RM1032,10096,10k-15k,377,52,15986,11,1
RM1081,16606,15k+,228,51,11380,12,1
RM1328,13225,10k-15k,1319,45,7739,12,1
RM445,4051,Upto 5k,163,37,19658,14,1
RM521,8120,5k-10k,817,56,18597,12,0
RM1039,5486,5k-10k,1221,96,24795,11,3
RM1104,6439,5k-10k,492,96,13693,14,1
RM822,13120,10k-15k,174,56,11879,17,1
RM540,3875,Upto 5k,316,54,9983,15,1
RM1462,10854,10k-15k,410,39,16586,13,1
RM617,16307,15k+,1318,66,5594,14,1
RM948,8446,5k-10k,1030,64,21534,19,0
RM019,15427,15k+,1219,78,22021,16,0
RM647,11836,10k-15k,868,73,22789,14,1
RM702,14852,10k-15k,1376,45,13938,13,1
RM1397,10448,10k-15k,1168,66,5843,13,0
RM511,10725,10k-15k,397,88,6729,15,1
RM772,10686,10k-15k,1082,41,8392,11,1
RM609,5160,5k-10k,436,37,21519,16,0
RM976,13695,10k-15k,267,85,9277,17,0
RM957,19717,15k+,206,99,4022,14,0
RM064,7637,5k-10k,1435,99,2354,11,0
RM233,2267,Upto 5k,818,52,25657,17,0
RM537,5405,5k-10k,1179,84,11924,14,0
RM035,2293,Upto 5k,813,61,3020,16,1
RM324,3464,Upto 5k,1157,84,24737,13,0
RM541,2216,Upto 5k,654,67,3872,13,0
RM599,4382,Upto 5k,890,46,16374,17,0
RM933,3339,Upto 5k,806,39,17285,13,2
RM1443,4787,Upto 5k,1092,36,26124,14,3
RM436,13610,10k-15k,1277,56,24619,12,0
RM799,2313,Upto 5k,1017,55,2993,20,0
RM670,2404,Upto 5k,1122,70,4303,21,0
RM1299,8926,5k-10k,261,66,10842,22,1
RM780,2461,Upto 5k,1323,34,10332,12,3
RM318,4941,Upto 5k,723,85,17747,15,0
RM123,4963,Upto 5k,441,72,4510,18,3
RM1445,2339,Upto 5k,310,72,3666,11,1
RM596,19246,15k+,286,31,25761,12,0
RM967,10008,10k-15k,601,53,12023,14,0
RM129,2523,Upto 5k,594,100,19299,14,1
RM499,2773,Upto 5k,604,69,12145,20,0
RM631,4775,Upto 5k,1230,33,19146,22,2
RM1128,2073,Upto 5k,977,45,12826,16,1
RM1387,2867,Upto 5k,157,95,20006,13,0
RM005,3468,Upto 5k,591,40,16632,12,1
RM718,2811,Upto 5k,1134,37,12086,14,1
RM740,4227,Upto 5k,1055,47,4658,18,1
RM669,2377,Upto 5k,995,77,9834,18,1
RM338,3983,Upto 5k,738,30,7621,17,0
RM146,3204,Upto 5k,201,84,10415,14,1
RM887,3579,Upto 5k,1465,63,9369,21,1
RM942,4627,Upto 5k,1138,48,23631,12,1
RM267,5582,5k-10k,1463,64,14408,21,1
RM313,2695,Upto 5k,192,32,7747,18,1
RM370,2657,Upto 5k,408,42,7551,16,0
RM691,5855,5k-10k,616,41,17369,11,2
RM1361,3978,Upto 5k,471,62,16031,12,1
RM532,11159,10k-15k,1018,39,19373,15,0
RM1102,5878,5k-10k,824,67,15624,12,1
RM591,11691,10k-15k,213,49,25995,11,0
RM884,2781,Upto 5k,117,60,6311,13,1
RM1283,3143,Upto 5k,867,90,6076,19,1
RM1426,4878,Upto 5k,501,95,21653,13,1
RM117,11631,10k-15k,1354,45,5615,12,0
RM248,5957,5k-10k,470,84,23687,13,1
RM433,2768,Upto 5k,1303,62,8416,12,1
RM550,6142,5k-10k,970,96,7360,11,0
RM980,5429,5k-10k,285,86,17491,13,2
RM1118,5484,5k-10k,1351,45,13008,17,1
RM058,4014,Upto 5k,1142,30,16002,15,1
RM277,11996,10k-15k,1315,71,19100,18,1
RM431,4230,Upto 5k,144,46,19225,15,0
RM597,2506,Upto 5k,1258,40,13301,13,0
RM648,10903,10k-15k,672,78,9129,16,0
RM847,10274,10k-15k,819,44,19588,18,1
RM925,3506,Upto 5k,735,66,6020,14,0
RM010,5237,5k-10k,1299,94,16577,13,2
RM221,5914,5k-10k,1396,62,9945,16,0
RM270,3210,Upto 5k,1403,47,20251,11,1
RM292,4485,Upto 5k,506,30,26285,12,0
RM378,2543,Upto 5k,329,96,11868,13,1
RM665,6586,5k-10k,1425,68,4821,17,1
RM688,2519,Upto 5k,938,79,12287,21,0
RM774,8858,5k-10k,796,51,15669,11,0
RM883,10252,10k-15k,363,77,4235,21,1
RM928,5410,5k-10k,429,53,2323,11,0
RM1279,8321,5k-10k,1383,90,25949,13,1
RM354,5974,5k-10k,1319,51,17001,13,2
RM473,6447,5k-10k,446,65,15701,12,1
RM578,2782,Upto 5k,571,82,19905,13,2
RM143,4317,Upto 5k,364,32,2302,20,0
RM342,11510,10k-15k,343,92,15682,14,1
RM305,9613,5k-10k,1132,48,10942,17,3
RM938,17123,15k+,412,94,17334,13,2
RM1080,8376,5k-10k,1089,32,9150,18,0
RM1149,5377,5k-10k,1387,76,3835,13,3
RM1285,13464,10k-15k,1253,65,7914,21,0
RM1336,3902,Upto 5k,835,41,5141,14,3
RM204,2741,Upto 5k,905,99,16523,15,1
RM258,19436,15k+,1416,49,5949,19,1
RM449,13237,10k-15k,302,75,20364,15,0
RM554,2342,Upto 5k,804,86,22929,20,0
RM786,10322,10k-15k,1492,61,26542,20,1
RM979,6377,5k-10k,1202,89,13888,20,3
RM1165,7945,5k-10k,448,84,19948,15,0
RM1305,4448,Upto 5k,750,47,10748,12,1
RM1349,16823,15k+,1137,98,18991,11,1
RM1456,2809,Upto 5k,1322,52,2725,14,0
RM687,4721,Upto 5k,263,59,3119,13,0
RM738,5003,5k-10k,549,42,23371,14,0
RM257,2593,Upto 5k,269,56,8007,11,1
RM800,17665,15k+,469,35,14399,17,1
RM1358,13348,10k-15k,1396,83,14842,13,1
RM1444,18880,15k+,300,56,17312,11,0
RM1331,19392,15k+,823,81,22539,13,0
RM029,10248,10k-15k,477,42,2094,14,1
RM618,5933,5k-10k,625,50,5197,12,0
RM1079,16328,15k+,136,32,22074,13,1
RM1353,5033,5k-10k,170,78,9364,15,1
RM269,13496,10k-15k,1385,79,7501,14,0
RM335,3697,Upto 5k,549,75,9278,14,2
RM1347,5906,5k-10k,556,93,23888,13,2
RM771,19627,15k+,430,40,21445,17,2
RM1278,19328,15k+,734,46,14218,17,1
RM1323,8578,5k-10k,706,82,19989,14,1
RM1025,17169,15k+,359,82,26703,19,2
RM1304,10333,10k-15k,1001,92,19271,12,1
RM1322,2105,Upto 5k,207,64,5411,12,0
RM1415,8633,5k-10k,1180,84,13084,23,0
RM736,4240,Upto 5k,277,97,13119,13,0
RM737,10999,10k-15k,1355,78,22245,14,0
RM1115,2367,Upto 5k,1108,65,16530,12,1
RM1332,19665,15k+,1224,91,13583,12,0
RM1182,13966,10k-15k,465,41,11652,19,1
RM1193,2587,Upto 5k,464,74,24941,16,1
RM063,18740,15k+,989,43,16701,12,1
RM166,19926,15k+,1452,53,17053,15,0
RM426,17046,15k+,1099,88,9314,15,1
RM767,19237,15k+,1464,62,12853,11,1
RM124,19537,15k+,684,51,6462,13,0
RM214,12490,10k-15k,1469,81,15736,16,2
RM1276,13116,10k-15k,942,53,22984,11,0
RM191,19999,15k+,699,65,5678,14,1
RM231,3212,Upto 5k,1323,89,3300,15,0
RM469,5577,5k-10k,956,78,22087,12,2
RM700,17099,15k+,1053,70,13829,15,1
RM807,10445,10k-15k,994,87,15322,19,0
RM026,19094,15k+,1282,58,10735,11,1
RM557,2450,Upto 5k,346,86,10919,17,0
RM650,14275,10k-15k,102,72,20206,18,0
RM859,18606,15k+,1223,50,18640,18,1
RM1044,16598,15k+,447,39,19764,12,0
RM1009,17328,15k+,971,54,5652,19,0
RM1185,17426,15k+,584,91,18685,25,1
RM1398,2897,Upto 5k,155,67,22474,11,2
RM188,18722,15k+,692,61,13339,11,0
RM271,19045,15k+,452,81,18938,14,0
RM956,19187,15k+,282,58,6992,14,1
RM176,4257,Upto 5k,713,67,13939,18,1
RM852,19943,15k+,718,92,18575,13,1
RM977,13402,10k-15k,1369,68,18235,12,1
RM1054,4900,Upto 5k,405,93,2721,24,1
RM744,13726,10k-15k,715,69,21829,13,0
RM920,10512,10k-15k,1429,67,20002,12,0
RM412,19566,15k+,422,41,3854,11,0
RM877,2678,Upto 5k,654,43,5050,17,0
RM1179,2783,Upto 5k,1141,31,13251,19,0
RM363,2610,Upto 5k,895,39,2851,24,0
RM816,2070,Upto 5k,984,70,25326,11,0
RM1153,3117,Upto 5k,546,97,26009,18,0
RM161,2323,Upto 5k,1256,80,11992,24,2
RM207,2328,Upto 5k,1136,60,12392,16,1
RM725,4377,Upto 5k,1206,41,24117,15,2
RM109,2889,Upto 5k,1280,64,26897,11,2
RM935,2096,Upto 5k,266,40,18830,18,0
RM065,10096,10k-15k,1223,59,8202,13,3
RM385,7596,5k-10k,164,61,3809,13,2
RM443,9980,5k-10k,635,32,15318,14,0
RM622,6201,5k-10k,928,56,2823,14,1
RM1448,5406,5k-10k,301,88,10436,24,1
RM286,2115,Upto 5k,1372,42,15881,12,0
RM387,3034,Upto 5k,1107,95,26914,12,1
RM468,8834,5k-10k,142,69,24666,13,1
RM507,9434,5k-10k,482,36,9606,15,1
RM856,6474,5k-10k,977,56,9961,13,1
RM1090,4285,Upto 5k,674,47,3031,17,0
RM1164,3936,Upto 5k,1470,71,9953,11,1
RM1433,13744,10k-15k,161,42,15471,25,1
RM062,2406,Upto 5k,653,50,5456,11,0
RM180,2288,Upto 5k,1380,75,6319,12,0
RM278,5605,5k-10k,322,44,19191,24,1
RM682,13582,10k-15k,1333,80,16292,13,1
RM827,2844,Upto 5k,433,37,6004,13,1
RM1194,2440,Upto 5k,148,42,23826,22,0
RM315,17068,15k+,117,99,5355,14,0
RM327,19272,15k+,672,54,21141,15,1
RM527,4553,Upto 5k,408,80,20978,11,0
RM739,12742,10k-15k,466,65,7060,16,1
RM754,10880,10k-15k,945,82,5083,13,0
RM1241,6472,5k-10k,792,77,8989,15,1
RM1373,5151,5k-10k,867,87,12315,25,1
RM091,13503,10k-15k,530,78,14115,22,1
RM151,5605,5k-10k,1395,54,8504,11,1
RM187,19033,15k+,989,46,6499,14,1
RM244,3319,Upto 5k,1300,62,24447,17,2
RM583,4244,Upto 5k,791,38,9931,24,1
RM769,8396,5k-10k,300,74,22217,14,1
RM815,19626,15k+,1308,44,17544,14,0
RM960,4661,Upto 5k,523,98,22455,13,0
RM1097,16437,15k+,898,38,17381,21,0
RM1157,10435,10k-15k,884,80,25800,13,2
RM1243,19833,15k+,611,88,4349,14,0
RM1410,6323,5k-10k,692,73,26849,11,1
RM539,19189,15k+,314,59,19562,12,1
RM747,19973,15k+,247,55,20284,22,2
RM952,6151,5k-10k,256,40,22074,13,0
RM1219,9241,5k-10k,918,35,15869,12,0
RM232,19232,15k+,532,58,4933,11,0
RM282,4907,Upto 5k,635,99,24532,25,0
RM452,7406,5k-10k,319,56,6950,21,1
RM489,4089,Upto 5k,622,81,5718,13,2
RM585,18430,15k+,570,66,16225,13,1
RM605,4434,Upto 5k,933,98,11806,13,1
RM1051,3673,Upto 5k,748,74,16458,13,0
RM1405,4332,Upto 5k,335,37,14811,12,0
RM120,16959,15k+,394,92,19494,12,2
RM391,14336,10k-15k,982,59,4345,11,1
RM1186,17603,15k+,1291,65,3525,24,1
RM1217,7847,5k-10k,1179,73,6069,17,1
RM1317,5675,5k-10k,1422,92,19246,20,1
RM659,2559,Upto 5k,661,61,7508,13,0
RM876,4541,Upto 5k,200,32,7744,25,0
RM892,2011,Upto 5k,1117,72,19982,13,1
RM923,19190,15k+,1199,92,17477,14,2
RM1215,7879,5k-10k,921,96,14810,19,1
RM312,5210,5k-10k,1249,97,20308,18,1
RM806,5593,5k-10k,1050,65,17970,13,1
RM1100,7441,5k-10k,538,66,20933,12,3
RM1144,4385,Upto 5k,336,52,24162,15,1
RM1161,5770,5k-10k,1329,59,5388,19,2
RM1226,16704,15k+,1005,48,17119,11,0
RM179,10453,10k-15k,526,92,2137,25,3
RM593,16752,15k+,202,33,12982,11,1
RM708,5067,5k-10k,1379,64,6759,19,0
RM130,6567,5k-10k,470,96,5549,14,0
RM478,18200,15k+,1246,99,7999,11,1
RM524,3221,Upto 5k,1207,74,3297,11,3
RM654,17924,15k+,881,98,4544,11,1
RM1087,14411,10k-15k,333,88,24450,13,0
RM238,19068,15k+,771,79,21030,18,0
RM915,13577,10k-15k,177,37,25592,15,1
RM1117,19586,15k+,685,60,23037,21,1
RM939,2372,Upto 5k,848,88,26076,12,2
RM916,2625,Upto 5k,251,45,25308,20,0
RM797,3691,Upto 5k,1219,32,4605,15,1
RM694,10325,10k-15k,530,51,5518,11,1
RM753,2743,Upto 5k,885,43,8269,16,0
RM046,19545,15k+,1360,49,16280,12,0
RM367,9355,5k-10k,143,56,9558,18,0
RM1280,2342,Upto 5k,429,99,11092,12,3
RM090,9619,5k-10k,669,64,13596,16,0
RM272,11849,10k-15k,666,88,10268,12,1
RM608,7654,5k-10k,1184,43,5860,18,2
RM750,19845,15k+,266,57,25846,15,1
RM127,10312,10k-15k,147,94,3465,12,1
RM135,2942,Upto 5k,1355,61,8916,23,1
RM913,2875,Upto 5k,583,53,9973,20,0
RM1207,2570,Upto 5k,786,76,11925,20,0
RM1329,3540,Upto 5k,728,36,7018,21,1
RM613,4779,Upto 5k,760,81,3698,20,0
RM045,4011,Upto 5k,721,58,10781,23,0
RM212,8474,5k-10k,829,88,20925,22,0
RM326,8943,5k-10k,798,48,14034,24,1
RM1390,5003,5k-10k,1125,48,5771,21,0
RM027,3919,Upto 5k,1125,72,4681,22,0
RM061,6162,5k-10k,427,33,10877,22,1
RM881,2743,Upto 5k,116,77,7331,20,1
RM793,4508,Upto 5k,827,54,3129,22,0
RM1399,5968,5k-10k,1303,36,18079,20,3
RM1301,6799,5k-10k,810,92,22128,21,2
RM1354,2307,Upto 5k,967,85,14460,23,1
RM1385,9888,5k-10k,937,32,6770,21,0
RM636,10685,10k-15k,607,66,23457,20,1
RM126,2368,Upto 5k,841,46,23300,19,0
RM285,4741,Upto 5k,496,60,22722,13,1
RM294,5828,5k-10k,950,48,8450,12,0
RM356,5296,5k-10k,933,57,20156,17,1
RM834,2539,Upto 5k,199,55,7950,13,1
RM890,2235,Upto 5k,1103,42,14377,14,2
RM997,5769,5k-10k,205,98,7100,11,0
RM998,2394,Upto 5k,135,51,25681,13,0
RM052,3441,Upto 5k,1434,50,11179,13,0
RM794,2207,Upto 5k,895,50,22482,16,1
RM869,3196,Upto 5k,1179,78,12449,12,3
RM930,3867,Upto 5k,193,52,14222,12,1
RM1324,2706,Upto 5k,280,43,10494,15,1
RM016,9980,5k-10k,1389,51,10195,11,1
RM228,7918,5k-10k,1413,42,6599,14,1
RM520,2720,Upto 5k,806,76,18959,18,1
RM556,2297,Upto 5k,1090,83,17967,14,2
RM837,7336,5k-10k,408,45,11162,13,1
RM1250,2760,Upto 5k,428,52,14630,13,0
RM1319,3812,Upto 5k,574,40,7003,13,0
RM081,5126,5k-10k,852,55,15998,12,2
RM089,4152,Upto 5k,288,99,15830,19,3
RM093,5209,5k-10k,1334,63,19760,12,3
RM174,3072,Upto 5k,111,66,11012,11,2
RM875,3491,Upto 5k,853,49,11309,13,3
RM1107,9714,5k-10k,740,64,5323,11,1
RM013,2911,Upto 5k,670,31,15170,17,1
RM293,2789,Upto 5k,444,84,3909,11,1
RM343,7143,5k-10k,1232,39,25713,14,0
RM395,4306,Upto 5k,480,31,4156,12,1
RM400,2218,Upto 5k,329,98,16193,12,1
RM832,2610,Upto 5k,874,72,6233,12,1
RM951,9852,5k-10k,587,57,8935,19,1
RM953,2302,Upto 5k,1060,54,8319,11,0
RM986,6179,5k-10k,330,98,21057,15,2
RM1031,10793,10k-15k,326,31,8386,18,1
RM1034,7446,5k-10k,1445,100,8931,11,0
RM1086,4084,Upto 5k,561,33,4156,12,0
RM1275,5468,5k-10k,196,91,13402,14,2
RM1383,3065,Upto 5k,976,48,3995,13,1
RM095,5010,5k-10k,1093,87,24301,16,0
RM155,8998,5k-10k,967,43,15589,14,0
RM211,10400,10k-15k,1045,32,25812,11,0
RM307,5484,5k-10k,906,91,16985,14,1
RM320,5228,5k-10k,588,65,24624,11,0
RM559,5309,5k-10k,430,80,21146,15,2
RM601,6162,5k-10k,859,98,19124,12,1
RM642,6524,5k-10k,379,48,8891,14,1
RM693,6725,5k-10k,498,93,13554,12,1
RM1427,2837,Upto 5k,267,49,15919,13,0
RM1432,10422,10k-15k,801,48,24032,19,2
RM004,2909,Upto 5k,1392,56,23159,11,0
RM056,13458,10k-15k,515,98,15146,12,0
RM515,3348,Upto 5k,1076,70,3164,11,0
RM563,2686,Upto 5k,527,63,5207,13,0
RM711,17444,15k+,722,38,20489,11,0
RM1096,5207,5k-10k,589,79,22949,12,1
RM1211,2028,Upto 5k,267,79,13637,18,3
RM104,4809,Upto 5k,665,41,12482,14,0
RM203,3815,Upto 5k,878,43,5972,17,1
RM463,5337,5k-10k,258,74,19921,12,0
RM504,2691,Upto 5k,1397,42,7660,12,1
RM525,8621,5k-10k,1442,46,17654,14,0
RM965,6125,5k-10k,507,66,23553,12,0
RM984,6687,5k-10k,404,98,6163,11,0
RM1040,2742,Upto 5k,1107,52,3072,15,0
RM1085,7083,5k-10k,971,64,12288,14,0
RM1132,5063,5k-10k,653,92,15332,14,1
RM1147,4724,Upto 5k,426,42,17000,13,1
RM1180,5433,5k-10k,1130,66,19332,12,1
RM1209,3986,Upto 5k,1157,57,11912,14,1
RM1213,2929,Upto 5k,678,35,20338,12,0
RM1369,5747,5k-10k,735,86,26496,15,0
RM038,2014,Upto 5k,890,97,9687,13,0
RM509,6646,5k-10k,1017,82,19368,13,0
RM637,2022,Upto 5k,130,96,16612,19,1
RM730,10388,10k-15k,583,57,6975,11,1
RM849,2376,Upto 5k,636,47,26537,13,1
RM1082,8606,5k-10k,1029,91,21195,19,0
RM1131,3407,Upto 5k,750,46,25348,17,2
RM1158,4148,Upto 5k,208,52,12250,12,1
RM1282,5813,5k-10k,303,84,13492,18,0
