emp_id,environment_satisfaction,job_satisfaction,relationship_satisfaction,work_life_balance,job_involvement,performance_rating,training_times_last_year
RM297,3,3,3,3,3,3,2
RM302,4,3,1,3,2,3,2
RM458,2,2,4,3,3,3,3
RM728,2,4,4,3,3,3,2
RM829,3,3,4,3,3,3,0
RM973,4,4,3,4,3,3,5
RM1154,2,4,3,4,3,3,2
RM1312,2,3,3,1,3,3,4
RM128,4,3,4,2,3,3,2
RM150,2,2,4,3,3,3,3
RM423,1,4,3,4,2,3,3
RM689,4,2,2,4,2,3,3
RM488,4,2,4,4,2,3,0
RM690,1,1,2,3,3,3,2
RM732,4,1,1,3,2,3,2
RM371,3,2,4,3,4,3,0
RM664,4,4,1,2,3,3,3
RM018,4,4,2,2,4,3,2
RM110,2,4,3,3,3,3,5
RM861,3,4,2,3,2,3,5
RM1274,3,1,3,3,3,3,6
RM087,3,1,3,3,3,3,3
RM587,3,2,3,3,2,3,4
RM872,4,2,1,1,3,3,3
RM1061,2,1,3,2,3,3,2
RM1062,4,2,3,3,3,3,2
RM1223,4,3,3,3,1,3,2
RM684,3,2,3,3,2,3,2
RM461,1,3,1,3,3,3,5
RM464,3,4,2,1,1,3,3
RM042,4,1,4,3,3,3,6
RM616,4,4,3,2,3,3,6
RM971,3,4,2,3,4,3,4
RM1380,1,2,1,3,2,3,2
RM265,1,3,3,1,3,3,5
RM801,1,2,1,3,2,3,2
RM1069,3,1,3,2,2,3,2
RM1070,1,3,4,1,2,3,2
RM1338,2,2,4,3,3,3,3
RM266,1,2,2,3,2,3,2
RM547,3,3,3,3,3,3,6
RM590,2,1,4,3,2,3,1
RM1105,3,3,1,2,4,3,2
RM1259,4,1,3,3,2,3,2
RM1330,4,2,4,3,2,3,3
RM1366,3,1,4,3,4,3,3
RM382,3,2,1,3,3,3,3
RM481,2,1,3,4,2,3,2
RM1053,3,3,2,2,3,3,2
RM1339,2,4,3,2,3,3,3
RM440,1,3,1,3,3,3,2
RM981,3,4,3,4,2,3,3
RM1013,2,3,2,3,1,3,3
RM1017,1,2,3,4,2,3,3
RM1258,1,3,1,3,3,3,2
RM1313,4,1,3,3,4,3,4
RM1403,4,4,3,3,1,3,4
RM102,4,1,4,3,3,3,2
RM851,3,1,3,3,3,3,3
RM1206,4,2,1,3,3,3,2
RM1238,1,2,2,3,1,3,2
RM1320,4,4,3,4,3,3,2
RM364,4,3,2,3,3,3,2
RM1075,4,3,1,3,3,3,6
RM115,3,2,3,3,2,3,3
RM561,2,1,3,3,3,3,3
RM804,3,4,4,3,2,3,2
RM907,3,3,4,2,4,3,5
RM1116,1,4,3,1,3,3,4
RM041,3,4,3,3,3,3,3
RM516,3,3,3,3,2,3,3
RM558,4,1,1,4,3,3,2
RM1060,4,3,1,3,3,3,3
RM1111,1,1,4,3,3,3,2
RM299,3,4,4,3,4,3,2
RM762,1,3,2,2,3,3,3
RM1122,2,3,1,3,3,3,5
RM003,4,3,2,3,2,3,3
RM105,3,4,4,4,2,3,2
RM523,4,4,1,3,4,3,2
RM629,4,3,4,3,2,3,2
RM745,1,2,1,1,1,3,2
RM796,4,4,3,3,2,3,5
RM199,4,3,2,3,3,3,3
RM205,2,1,2,3,3,3,2
RM472,3,3,3,3,3,3,4
RM491,3,1,4,2,3,3,3
RM543,3,3,4,4,3,3,4
RM748,2,4,3,3,3,3,1
RM812,4,2,3,3,3,3,2
RM1203,4,3,4,2,3,3,5
RM1392,1,1,1,2,2,3,3
RM034,4,4,3,4,3,3,6
RM328,4,3,1,2,3,3,3
RM602,1,3,4,3,2,3,6
RM685,1,2,2,2,2,3,2
RM707,2,2,4,2,4,3,2
RM867,2,2,4,3,3,3,2
RM1230,2,1,2,3,3,3,3
RM1428,1,4,3,2,3,3,3
RM216,4,4,3,3,3,3,3
RM243,3,1,1,2,3,3,2
RM831,2,4,1,3,3,3,4
RM865,1,1,1,1,2,3,2
RM349,1,4,2,3,3,3,2
RM742,4,3,2,4,3,3,3
RM825,2,4,1,3,1,3,3
RM888,1,1,3,3,3,3,6
RM926,2,2,4,3,4,3,2
RM1089,3,2,2,3,2,3,3
RM1288,2,1,3,2,4,3,2
RM1326,4,3,4,3,3,3,3
RM1379,2,4,3,3,3,3,4
RM334,3,1,1,2,3,3,1
RM490,2,4,3,2,2,3,3
RM776,3,4,3,3,2,3,5
RM1263,3,3,4,3,2,3,4
RM863,4,3,4,3,1,3,3
RM1052,1,3,3,2,3,3,4
RM068,2,1,3,3,3,3,2
RM604,2,3,4,3,2,3,3
RM366,3,3,3,4,3,3,2
RM348,2,3,1,3,3,3,3
RM1235,3,2,4,1,3,3,3
RM051,1,3,4,3,2,3,2
RM679,4,3,1,2,3,3,2
RM902,4,2,3,2,4,3,4
RM905,4,4,3,4,2,3,3
RM900,1,3,3,4,2,3,2
RM743,1,4,2,3,3,3,5
RM802,4,3,4,3,3,3,4
RM1127,3,3,3,3,3,3,2
RM157,2,3,3,3,2,3,2
RM432,3,3,3,3,3,3,3
RM1265,3,1,2,3,2,3,2
RM1372,4,1,3,3,2,3,3
RM425,1,4,3,2,2,3,3
RM661,4,4,4,2,2,3,3
RM1375,4,4,3,2,3,3,2
RM226,3,4,1,3,2,3,6
RM172,3,1,1,4,1,4,5
RM1340,4,2,1,3,3,4,2
RM586,3,1,3,3,4,4,2
RM477,4,2,4,3,2,4,2
RM1119,1,4,1,3,3,4,5
RM765,4,2,2,3,3,4,5
RM712,4,1,3,3,2,4,5
RM386,3,4,3,3,3,4,4
RM502,3,3,3,3,3,4,2
RM603,3,4,2,2,2,4,4
RM1395,4,4,2,3,2,4,1
RM1256,1,1,3,2,3,4,2
RM119,1,4,1,3,3,4,2
RM1316,4,2,4,3,3,4,2
RM048,2,2,1,3,3,4,1
RM417,4,4,3,3,3,4,3
RM1033,1,1,2,4,2,4,2
RM392,2,3,2,3,2,4,3
RM357,1,4,2,3,2,4,6
RM662,1,2,3,4,3,4,2
RM287,4,3,4,1,3,4,0
RM937,2,2,3,3,3,4,4
RM353,1,3,2,1,3,4,3
RM158,2,2,2,2,2,4,3
RM701,4,3,1,3,3,4,4
RM1210,3,4,3,4,1,4,2
RM910,2,4,4,3,4,3,2
RM024,3,4,4,3,3,3,6
RM911,4,3,4,3,3,4,2
RM043,1,3,3,2,1,3,2
RM1189,1,2,2,2,2,3,3
RM008,4,3,2,3,3,4,2
RM1234,2,4,2,2,3,3,2
RM1192,1,4,1,3,3,3,2
RM352,3,2,3,3,3,3,4
RM638,4,4,2,3,3,3,2
RM657,1,4,3,1,3,4,2
RM683,3,2,3,3,2,4,3
RM050,4,4,4,3,4,3,2
RM193,2,3,1,3,2,3,1
RM1135,3,4,4,2,2,3,5
RM070,4,3,1,2,2,3,0
RM075,2,4,2,3,4,3,3
RM359,4,4,2,3,3,3,6
RM251,1,3,2,3,3,3,5
RM390,3,2,4,2,3,3,2
RM653,1,2,4,3,3,3,2
RM560,4,3,2,1,3,3,0
RM459,3,1,3,3,1,3,2
RM1197,4,3,4,3,3,3,2
RM1130,4,4,4,3,2,4,2
RM078,4,1,2,4,3,3,3
RM1244,3,3,3,4,1,4,2
RM1136,4,1,2,1,4,3,5
RM429,1,4,3,3,3,3,2
RM720,4,4,3,3,3,3,0
RM234,4,4,3,2,3,3,3
RM259,3,4,2,2,3,3,0
RM066,4,3,3,3,3,3,2
RM675,3,2,4,3,2,3,3
RM007,3,1,1,2,4,4,3
RM777,4,4,2,3,3,3,3
RM975,4,4,2,3,1,4,3
RM922,4,3,3,2,3,3,2
RM1073,4,2,3,3,3,3,3
RM1251,4,3,4,4,4,3,5
RM1145,4,1,4,3,3,3,3
RM803,4,2,3,3,3,3,3
RM379,1,4,2,2,4,3,3
RM441,2,1,3,3,3,3,2
RM795,1,4,3,2,3,3,1
RM823,4,3,4,2,3,3,3
RM821,4,4,4,3,3,3,3
RM1457,3,3,4,4,3,3,2
RM1129,1,1,4,3,4,3,3
RM1441,4,2,2,3,3,3,3
RM1466,3,4,3,3,4,3,3
RM276,1,4,1,3,3,3,2
RM983,4,3,4,3,4,3,2
RM209,4,4,4,1,2,3,5
RM958,3,3,2,3,3,3,0
RM1043,3,3,4,3,2,3,5
RM250,1,3,4,3,4,3,1
RM1363,2,3,3,3,3,3,3
RM137,1,4,4,3,1,3,2
RM1269,1,3,4,2,2,4,2
RM663,3,3,4,2,2,3,3
RM667,2,3,1,4,3,3,3
RM1214,3,4,2,3,3,4,2
RM406,1,1,3,3,3,3,5
RM289,1,2,4,3,3,3,2
RM015,3,3,2,3,2,3,4
RM646,2,3,3,3,2,3,3
RM215,4,1,3,3,3,3,5
RM721,1,3,2,3,3,3,2
RM592,1,1,3,3,3,3,3
RM830,1,1,1,3,3,3,3
RM726,3,2,4,1,2,4,2
RM101,3,1,4,3,3,4,3
RM941,3,1,1,3,3,3,2
RM1172,1,1,2,1,3,3,3
RM037,1,3,3,3,2,3,2
RM1198,4,1,1,3,3,3,3
RM346,3,4,3,2,3,3,2
RM517,1,1,1,4,4,3,3
RM566,1,3,4,3,4,3,3
RM097,1,3,1,2,3,4,2
RM381,4,3,4,4,3,3,2
RM639,3,1,1,4,2,3,1
RM1004,1,4,2,2,3,3,2
RM1414,4,3,3,2,3,3,2
RM055,3,4,3,2,2,3,2
RM419,1,4,2,1,3,4,3
RM506,3,4,3,3,3,3,2
RM1225,4,3,3,4,1,3,3
RM1465,4,3,4,3,2,3,2
RM374,4,2,2,3,3,3,2
RM1170,2,3,1,3,4,3,0
RM1468,2,2,2,3,4,4,0
RM163,3,4,3,1,3,3,2
RM273,4,4,4,2,3,4,3
RM660,1,4,2,3,3,3,3
RM255,4,4,4,3,3,3,2
RM421,2,3,3,3,2,3,2
RM582,4,3,3,3,1,4,2
RM783,3,1,3,2,3,3,1
RM1014,4,1,2,3,3,3,3
RM181,3,4,3,3,3,4,0
RM310,3,4,3,3,3,3,4
RM1036,4,2,4,3,4,3,3
RM1228,2,3,4,4,3,3,2
RM1248,1,3,3,3,3,3,3
RM017,1,2,4,2,4,3,5
RM263,4,1,4,3,2,3,5
RM623,2,4,3,2,3,3,3
RM1076,3,4,2,4,3,4,5
RM1140,2,4,4,3,4,3,3
RM247,3,4,3,2,2,3,2
RM674,3,1,2,3,2,3,1
RM713,2,4,1,3,3,3,4
RM1190,4,4,3,3,3,3,5
RM495,3,3,4,3,3,3,3
RM614,3,4,3,1,3,3,1
RM918,3,1,4,3,3,3,3
RM1360,4,4,3,2,2,3,3
RM484,1,4,4,3,2,3,3
RM581,1,4,2,2,3,3,1
RM1124,1,3,3,3,3,3,4
RM1346,4,2,4,3,2,3,2
RM136,2,2,4,3,3,4,0
RM512,2,2,3,3,2,3,2
RM600,3,2,2,3,3,3,2
RM681,2,4,3,3,3,3,6
RM1020,3,1,1,2,2,3,3
RM1174,2,1,3,3,3,3,6
RM1200,1,3,2,2,3,3,2
RM079,1,3,1,4,3,3,3
RM341,4,4,3,2,3,3,2
RM1002,1,3,1,3,3,3,6
RM1277,2,2,1,3,2,3,2
RM1309,2,4,1,2,1,4,4
RM1377,2,4,4,4,3,3,0
RM968,2,2,3,3,3,4,3
RM1029,2,3,1,2,4,3,5
RM254,4,1,3,3,4,3,1
RM397,3,3,4,3,3,3,3
RM494,1,3,2,4,2,3,1
RM498,4,4,1,4,3,3,2
RM632,1,4,3,2,4,4,2
RM408,1,4,4,2,3,4,3
RM855,1,3,3,2,3,3,2
RM080,2,2,4,3,3,4,2
RM210,4,1,3,3,3,3,3
RM430,1,3,3,1,3,3,2
RM870,4,2,1,3,3,3,2
RM493,4,1,1,1,2,3,3
RM376,2,3,3,3,2,4,2
RM640,3,1,2,3,3,3,2
RM184,3,3,4,2,2,3,2
RM088,4,4,2,3,3,4,4
RM972,4,2,2,2,2,3,1
RM625,1,4,4,3,2,3,3
RM220,4,1,4,3,3,3,4
RM1337,2,4,2,4,2,4,2
RM893,1,2,2,4,2,4,2
RM1175,4,3,3,3,4,3,6
RM067,2,2,3,3,2,3,3
RM306,2,2,3,3,3,3,3
RM542,1,1,1,3,4,3,2
RM570,1,1,2,3,2,3,1
RM709,1,4,4,3,3,3,3
RM818,1,4,1,3,3,4,0
RM901,3,2,3,2,3,3,2
RM1348,2,4,4,2,2,4,2
RM1384,1,2,2,3,4,4,3
RM223,2,4,3,3,3,3,1
RM649,3,4,2,3,3,3,3
RM723,3,3,2,2,3,3,0
RM1257,3,2,2,2,2,3,4
RM1374,4,2,3,3,2,3,3
RM450,3,3,1,3,3,3,3
RM817,3,2,3,2,3,3,2
RM993,3,3,2,3,3,4,2
RM692,4,2,4,3,3,3,2
RM846,3,4,4,1,2,3,3
RM1030,3,3,3,4,3,3,2
RM460,1,3,1,3,2,3,3
RM717,1,3,2,4,3,3,2
RM198,3,3,2,3,3,3,5
RM410,1,3,2,3,3,3,3
RM414,4,4,4,4,2,3,4
RM879,4,1,1,4,4,3,3
RM331,3,3,2,4,2,3,3
RM813,3,1,3,3,3,3,1
RM1166,1,4,3,3,3,3,3
RM505,1,1,4,3,3,3,4
RM697,3,2,2,2,3,3,5
RM719,4,1,3,3,3,3,2
RM049,1,4,3,3,3,4,4
RM1469,4,2,4,2,2,3,3
RM107,1,2,1,2,3,3,1
RM752,4,3,1,3,3,3,3
RM1453,2,3,4,3,3,3,3
RM628,3,4,3,3,2,4,3
RM995,4,3,2,2,4,3,3
RM1435,1,4,2,2,3,3,3
RM333,4,3,4,2,3,3,4
RM773,1,3,2,3,3,3,4
RM108,3,3,4,3,2,3,1
RM022,3,1,2,3,2,4,4
RM1292,4,1,2,1,3,3,4
RM001,2,4,1,1,3,3,0
RM183,2,2,4,2,3,4,5
RM858,3,3,3,3,3,3,4
RM929,1,4,4,3,3,3,2
RM1334,3,2,3,3,3,4,2
RM854,3,1,3,3,3,4,4
RM551,2,1,4,4,3,3,2
RM1026,4,3,3,3,3,3,3
RM1098,3,1,2,3,2,3,3
RM1218,3,3,4,3,4,3,1
RM479,2,3,3,3,3,3,1
RM619,1,1,3,2,4,3,3
RM635,3,1,4,3,3,3,3
RM1434,1,3,2,2,3,4,3
RM039,2,1,4,4,2,3,3
RM594,3,2,1,3,3,3,2
RM634,1,1,3,3,2,4,3
RM1012,1,2,4,3,3,3,3
RM1184,4,1,1,3,4,4,3
RM1454,2,4,1,2,2,3,2
RM060,1,3,3,4,2,3,2
RM249,3,1,1,2,2,3,2
RM274,3,4,2,4,3,3,5
RM365,3,1,2,3,3,4,3
RM768,4,2,1,2,3,3,3
RM1159,3,3,1,2,3,3,2
RM1345,4,1,3,3,3,4,2
RM169,1,4,3,4,2,4,2
RM308,1,2,3,3,2,3,2
RM519,4,4,1,3,2,4,2
RM1162,4,3,4,4,2,3,6
RM1273,4,3,2,3,2,3,3
RM655,4,4,3,3,2,3,2
RM706,1,3,4,3,4,3,3
RM1156,3,3,4,3,2,3,3
RM336,2,4,3,2,1,4,2
RM1287,3,1,4,2,3,3,5
RM1300,3,4,4,3,3,3,3
RM1458,3,3,2,3,3,3,2
RM134,3,3,3,3,3,3,2
RM301,4,2,2,3,3,3,2
RM404,2,1,3,3,4,3,2
RM784,2,3,3,3,4,3,3
RM1267,3,1,2,3,3,4,2
RM1446,1,2,3,3,2,4,3
RM1449,3,2,3,3,2,3,5
RM598,4,4,4,3,2,3,4
RM673,3,3,1,3,2,3,6
RM1000,3,1,3,3,3,3,5
RM1264,2,2,2,2,3,4,6
RM899,3,4,2,3,1,3,2
RM1134,4,2,3,3,4,3,0
RM1400,1,3,2,3,3,3,1
RM142,3,4,2,2,3,3,2
RM154,2,2,3,1,3,3,2
RM175,3,1,1,4,3,3,3
RM626,4,1,3,3,3,3,2
RM714,4,4,4,3,3,3,2
RM760,2,2,1,3,3,3,3
RM1035,2,1,2,3,1,3,2
RM1093,4,4,4,3,3,4,3
RM1455,4,3,3,3,3,3,3
RM413,3,3,3,2,3,3,5
RM724,4,3,2,3,3,3,3
RM917,4,2,3,3,2,3,2
RM1232,3,2,4,3,3,3,3
RM1236,3,4,2,2,3,3,5
RM970,4,4,3,3,3,3,2
RM317,3,3,4,3,2,3,2
RM474,4,3,3,3,2,3,5
RM1055,3,2,2,3,3,3,3
RM1196,3,3,1,3,3,3,2
RM1255,4,4,3,4,3,3,1
RM589,3,3,4,3,3,3,3
RM377,3,4,3,2,3,3,2
RM963,3,2,2,3,3,3,2
RM407,4,3,3,3,2,3,4
RM1001,3,1,3,1,3,3,2
RM096,1,3,1,1,3,3,5
RM729,3,3,3,3,3,3,2
RM895,4,4,1,3,3,3,2
RM284,2,4,4,3,3,3,4
RM1011,2,4,4,4,4,3,4
RM086,4,4,1,2,1,3,3
RM759,2,4,3,1,3,3,1
RM898,3,4,4,3,2,3,2
RM844,1,4,2,3,4,4,2
RM1005,3,1,4,3,4,3,2
RM192,4,2,4,2,3,3,2
RM321,4,3,1,3,3,3,3
RM340,2,2,1,3,3,3,3
RM486,1,3,3,2,2,3,5
RM531,3,1,4,3,3,3,3
RM555,4,1,1,1,2,3,2
RM611,3,4,2,3,2,3,3
RM671,2,3,3,3,3,3,2
RM903,1,3,2,3,3,3,2
RM1150,4,1,1,3,2,3,3
RM1351,1,3,2,2,4,3,5
RM1394,4,4,1,3,3,3,5
RM290,4,4,4,3,3,4,3
RM303,2,1,3,3,4,3,2
RM375,2,4,4,3,3,3,1
RM630,2,4,4,3,2,3,6
RM820,1,2,1,1,2,3,2
RM985,3,1,3,3,2,3,0
RM1152,2,1,2,2,1,4,5
RM1284,3,4,3,4,3,3,6
RM012,4,3,4,3,2,3,3
RM072,3,2,4,3,3,4,3
RM595,3,3,3,3,4,4,3
RM658,1,4,3,3,2,3,5
RM853,2,4,1,3,3,3,5
RM1006,2,1,1,2,2,3,3
RM1064,3,3,3,3,2,3,3
RM1091,3,1,3,3,1,3,3
RM1388,1,1,1,2,3,3,5
RM1460,4,2,1,3,2,3,2
RM1461,4,1,2,1,2,3,3
RM144,1,3,3,2,3,3,4
RM411,3,4,3,3,1,4,2
RM866,3,1,3,3,3,3,3
RM949,2,1,4,3,3,4,2
RM1297,1,3,2,3,3,3,3
RM435,3,2,4,4,3,4,6
RM451,2,4,3,4,3,3,2
RM457,3,4,3,2,2,4,3
RM645,4,4,2,3,3,3,2
RM896,3,1,4,2,3,3,2
RM1342,2,3,1,3,3,3,2
RM074,2,2,2,3,3,3,3
RM323,1,4,3,2,4,3,0
RM501,1,4,4,2,3,3,2
RM528,4,4,4,2,3,3,2
RM936,3,4,3,4,4,3,4
RM1027,4,4,3,2,3,3,3
RM1242,4,3,3,1,1,3,2
RM031,3,4,4,3,3,3,3
RM177,3,4,1,4,3,3,2
RM456,1,3,3,3,4,3,2
RM620,1,1,1,3,4,4,5
RM656,4,2,3,4,3,3,4
RM909,4,3,4,3,4,3,3
RM1067,1,2,4,3,2,3,5
RM1092,4,2,4,3,2,3,2
RM1364,2,3,2,2,3,3,2
RM758,2,4,4,2,4,3,2
RM764,3,3,4,3,3,3,2
RM1028,4,2,1,2,2,3,2
RM011,1,2,3,3,4,3,5
RM082,2,3,1,3,2,3,3
RM152,3,2,1,3,3,3,3
RM345,3,2,4,3,3,3,5
RM373,3,2,3,3,2,3,5
RM439,4,3,3,3,3,3,2
RM462,1,3,4,3,3,3,3
RM677,4,4,4,1,3,4,2
RM705,4,4,2,3,3,3,2
RM974,4,4,2,3,2,3,0
RM1233,4,3,2,3,3,3,3
RM1303,2,3,2,4,1,3,2
RM1381,2,1,4,1,3,3,2
RM1393,3,4,4,3,3,3,2
RM1425,2,3,2,3,3,3,5
RM798,1,3,3,2,3,4,0
RM496,3,1,2,3,3,3,3
RM843,3,4,4,2,3,3,4
RM1137,3,2,3,3,3,3,3
RM1391,3,4,1,2,2,3,2
RM230,3,4,3,2,2,3,3
RM337,2,1,4,2,1,3,4
RM1078,1,1,3,1,2,3,2
RM141,1,1,1,4,3,4,2
RM235,3,4,3,1,3,3,2
RM383,3,1,3,3,3,4,2
RM686,3,1,2,3,2,3,2
RM165,3,3,4,2,2,3,2
RM213,4,3,4,3,3,3,2
RM522,4,4,2,3,4,4,3
RM1318,4,4,3,2,3,3,3
RM098,2,3,2,4,3,3,3
RM828,3,3,4,3,2,3,2
RM1365,3,4,3,3,2,3,2
RM156,4,3,1,3,3,3,1
RM283,2,4,1,2,3,3,3
RM350,4,3,1,2,3,3,3
RM698,3,4,2,3,3,3,5
RM1058,1,2,1,1,3,3,4
RM121,1,3,3,2,1,4,2
RM217,3,1,3,2,2,3,5
RM624,2,4,2,2,2,3,3
RM1245,4,1,4,3,2,3,2
RM680,4,3,4,2,3,3,2
RM727,3,1,3,3,3,3,1
RM1396,1,4,3,3,3,3,4
RM145,4,4,4,4,1,3,2
RM261,2,2,3,1,4,4,3
RM882,4,3,4,3,3,3,2
RM1261,2,2,2,3,3,3,3
RM1376,1,3,1,3,4,3,2
RM122,3,2,1,4,3,3,2
RM329,2,4,3,2,2,3,6
RM873,2,3,1,2,3,3,3
RM1048,4,1,1,3,3,3,2
RM1416,2,3,3,2,2,3,2
RM112,1,3,4,3,1,4,3
RM978,1,3,3,3,2,4,2
RM1268,4,3,3,3,3,3,3
RM1291,4,1,3,2,3,3,3
RM229,3,3,1,4,3,3,3
RM103,4,4,2,3,2,3,5
RM1138,2,3,2,2,2,3,2
RM1439,4,1,1,2,3,3,3
RM021,1,3,4,2,4,3,5
RM1169,1,4,3,3,3,3,2
RM268,2,1,4,3,4,3,2
RM912,3,4,4,3,1,3,4
RM279,3,2,1,1,3,4,6
RM454,2,3,2,2,3,3,2
RM615,3,3,1,3,2,3,2
RM770,1,3,3,3,2,3,5
RM044,4,3,4,3,3,3,0
RM332,3,2,4,3,3,3,0
RM538,4,1,3,2,3,4,4
RM577,3,4,2,3,3,3,3
RM781,2,1,1,2,2,3,2
RM1071,3,1,4,3,3,3,5
RM1382,3,3,3,2,3,3,3
RM824,4,2,4,2,3,3,2
RM1126,1,4,4,4,3,3,0
RM1333,4,4,2,2,2,4,3
RM420,3,4,3,1,3,3,3
RM932,3,3,3,3,3,3,3
RM225,3,3,4,3,1,3,2
RM260,3,2,2,4,2,3,2
RM1240,4,4,4,2,3,4,3
RM1464,2,1,2,3,3,3,2
RM1227,1,3,1,2,3,3,3
RM040,3,1,1,3,4,3,3
RM1254,4,2,4,2,3,3,2
RM1266,4,2,4,2,3,3,2
RM189,4,3,3,2,2,3,2
RM416,4,3,4,2,1,3,3
RM607,3,4,3,3,2,3,3
RM924,3,2,4,4,2,3,5
RM1016,4,1,3,3,3,3,2
RM057,2,1,4,2,3,4,3
RM962,3,3,2,3,3,3,3
RM1216,1,4,3,4,2,3,2
RM1289,2,4,3,3,3,3,6
RM208,2,4,1,3,3,3,2
RM360,1,4,1,3,2,3,2
RM1023,3,3,1,1,4,3,2
RM1212,3,4,3,2,1,3,2
RM009,4,3,2,3,2,4,2
RM084,2,4,4,3,1,3,3
RM704,3,4,2,3,3,3,1
RM1452,1,4,3,3,3,3,1
RM401,2,3,3,3,3,3,3
RM1438,4,4,3,2,3,3,3
RM534,4,1,3,3,2,4,2
RM447,4,4,4,3,3,3,3
RM961,3,1,4,3,3,3,2
RM316,3,4,1,3,3,3,5
RM544,1,3,3,3,1,3,5
RM567,2,3,4,3,4,3,2
RM1371,3,2,3,4,3,3,4
RM002,3,2,4,3,2,4,3
RM202,4,4,1,3,3,3,0
RM1007,1,1,1,3,2,4,2
RM529,2,3,1,3,3,3,4
RM891,4,3,1,1,3,3,2
RM1077,2,4,1,3,3,4,2
RM1442,3,3,1,2,3,4,2
RM071,1,3,4,2,2,3,2
RM1272,2,2,2,3,3,3,3
RM415,1,2,2,3,3,3,4
RM398,2,4,2,3,2,3,3
RM564,3,4,2,2,3,4,5
RM886,3,4,2,3,3,3,4
RM476,1,2,4,4,3,4,5
RM1298,4,2,3,3,3,3,3
RM1042,4,1,4,3,3,3,4
RM206,2,4,4,2,3,4,3
RM344,4,2,1,3,2,3,2
RM1173,3,3,3,3,2,3,2
RM845,3,3,1,3,2,3,3
RM1065,3,3,1,4,3,4,3
RM1110,3,2,2,3,3,3,3
RM1252,3,1,1,3,2,3,2
RM311,1,1,4,3,2,3,1
RM322,4,4,4,3,3,3,3
RM1359,3,4,4,3,3,3,2
RM864,2,3,4,3,3,3,2
RM568,4,4,3,3,3,4,5
RM835,2,3,1,2,3,4,3
RM1343,3,4,4,3,3,3,3
RM1386,4,3,3,2,3,3,2
RM1447,4,3,4,3,2,4,2
RM699,3,3,2,3,3,3,3
RM836,3,3,2,1,3,3,2
RM871,3,1,4,3,3,3,2
RM1451,3,4,3,3,3,3,2
RM1341,2,3,1,3,2,3,4
RM1356,3,2,3,1,2,3,1
RM116,3,4,1,3,3,3,3
RM487,4,3,3,2,3,3,3
RM964,2,1,4,3,3,3,3
RM987,1,4,4,4,2,3,2
RM369,3,3,1,3,2,3,6
RM388,4,2,3,3,3,3,5
RM418,3,3,4,3,3,3,2
RM885,2,2,2,4,2,3,2
RM947,4,2,3,3,2,3,2
RM1357,3,2,3,3,3,4,3
RM351,3,3,3,3,3,3,5
RM840,2,1,4,4,3,3,3
RM236,4,4,3,3,3,4,3
RM850,1,3,2,2,1,3,2
RM1270,2,4,2,3,3,3,5
RM053,2,1,3,2,3,4,2
RM756,4,4,2,4,3,3,4
RM914,1,2,1,3,1,3,2
RM533,4,1,4,3,3,3,2
RM1155,4,3,3,3,3,3,2
RM092,3,4,4,1,3,4,2
RM562,3,1,1,4,2,3,3
RM083,1,4,4,3,3,3,4
RM1402,3,2,1,3,4,3,0
RM099,4,3,3,2,3,3,1
RM880,2,4,2,3,4,3,3
RM178,2,4,3,2,2,4,3
RM514,4,3,4,3,3,3,5
RM778,3,1,1,2,2,3,6
RM218,3,3,4,2,3,3,1
RM422,3,2,2,4,2,3,2
RM940,4,3,1,3,3,3,3
RM237,1,1,1,4,3,4,3
RM437,1,4,1,3,1,3,2
RM025,2,1,3,3,3,3,2
RM1113,3,2,1,3,3,3,2
RM1084,4,1,2,1,3,3,3
RM668,2,4,3,2,1,3,1
RM1112,3,4,2,3,2,3,4
RM569,4,1,4,3,3,3,2
RM1355,1,4,4,3,3,3,3
RM275,4,3,1,4,2,3,4
RM735,2,1,1,2,1,3,3
RM1409,4,4,3,4,3,3,6
RM475,2,4,2,3,4,3,3
RM256,1,3,4,3,3,3,3
RM734,4,4,2,3,4,3,2
RM782,1,1,1,3,2,3,2
RM999,1,4,4,3,2,3,2
RM1350,2,3,3,2,2,3,3
RM171,3,2,4,2,3,3,3
RM513,1,4,4,3,2,3,0
RM1018,2,1,2,4,3,3,3
RM1249,3,4,3,2,3,3,5
RM405,3,1,4,3,3,3,2
RM789,3,3,4,4,3,3,4
RM810,4,2,2,2,3,3,3
RM1074,3,2,2,2,1,3,2
RM253,3,4,1,3,3,3,1
RM573,2,3,1,2,3,3,3
RM809,3,4,1,3,3,4,1
RM860,2,4,1,2,1,3,2
RM904,3,4,2,3,3,3,2
RM906,4,4,2,2,2,3,2
RM1123,2,1,4,3,3,3,3
RM1325,4,3,4,3,1,3,3
RM033,4,3,1,3,2,3,5
RM147,2,4,4,3,2,3,3
RM325,4,4,4,3,3,3,2
RM731,2,1,3,2,4,3,4
RM1142,2,2,2,2,2,3,3
RM1260,3,3,3,3,4,3,3
RM1413,4,2,3,2,3,3,6
RM059,4,4,4,2,3,4,3
RM073,3,2,2,3,3,3,4
RM076,3,4,4,3,3,4,2
RM897,3,1,2,3,2,3,2
RM1015,1,2,3,4,3,3,3
RM170,3,3,1,3,3,4,2
RM627,3,3,3,2,4,3,3
RM1191,4,2,3,2,3,3,4
RM186,4,2,4,3,3,3,5
RM222,3,2,4,3,2,4,3
RM695,2,4,1,3,2,3,3
RM085,1,2,3,3,3,3,2
RM482,2,4,4,3,2,3,3
RM575,2,4,3,3,4,3,2
RM580,3,1,3,3,2,3,3
RM672,2,2,2,3,3,3,3
RM959,4,4,4,2,3,3,0
RM612,3,3,2,4,3,4,3
RM621,3,1,4,2,2,3,3
RM841,4,3,2,3,2,3,2
RM1151,2,1,4,3,4,3,2
RM1459,3,4,4,3,1,3,5
RM874,3,3,3,3,1,3,4
RM943,4,3,1,3,3,3,0
RM1019,1,4,3,2,2,3,2
RM1146,3,3,2,3,3,3,2
RM1181,1,2,3,3,3,3,4
RM196,2,1,1,2,4,3,3
RM833,3,4,3,3,2,3,2
RM990,3,3,4,3,3,3,2
RM200,4,4,1,1,3,3,3
RM530,2,4,3,2,4,3,4
RM785,3,3,1,2,2,3,4
RM1262,2,4,3,3,1,3,2
RM1431,2,3,1,3,1,3,3
RM950,1,3,1,3,3,3,6
RM1176,4,2,3,3,3,4,3
RM1430,1,4,1,3,3,3,2
RM1467,4,1,1,3,2,3,5
RM362,4,3,3,3,4,3,3
RM149,3,1,4,3,3,4,2
RM167,1,3,1,3,3,3,2
RM1421,4,4,1,3,3,4,3
RM644,3,4,2,2,4,3,1
RM036,4,3,4,2,4,3,3
RM610,2,1,3,3,3,4,3
RM996,1,3,1,1,2,3,3
RM032,4,4,4,4,3,3,5
RM1047,4,2,3,2,3,3,3
RM1141,2,4,4,2,3,3,4
RM245,3,4,3,3,4,3,2
RM1143,3,1,1,3,1,3,3
RM779,4,1,1,3,2,4,2
RM878,4,4,3,2,3,3,3
RM330,4,3,2,3,3,3,2
RM678,1,2,3,2,3,3,3
RM1148,3,1,4,2,3,3,3
RM280,1,2,1,2,3,3,4
RM368,4,4,4,3,2,3,2
RM715,4,4,3,2,3,4,1
RM722,4,3,4,3,3,3,2
RM1178,4,1,3,3,2,3,3
RM190,4,2,3,3,3,3,6
RM409,4,4,4,1,3,3,2
RM588,4,3,2,3,3,4,3
RM185,4,1,3,3,4,3,3
RM281,3,3,4,2,3,3,5
RM535,3,3,3,3,4,3,3
RM576,4,1,2,3,3,3,4
RM1306,4,4,2,2,3,3,2
RM1407,3,1,4,3,3,3,3
RM553,3,4,3,2,3,3,1
RM1024,1,1,4,4,3,4,3
RM164,3,4,2,1,4,3,2
RM361,4,3,3,3,3,3,2
RM1010,4,1,3,3,3,4,3
RM857,1,3,1,2,2,3,2
RM358,1,2,3,3,2,3,3
RM444,3,3,3,3,2,3,3
RM1202,4,3,1,3,2,3,2
RM1408,2,3,2,2,2,3,2
RM518,4,2,3,3,4,4,4
RM994,1,3,2,2,4,3,3
RM574,4,1,3,2,2,3,2
RM787,1,3,4,3,1,3,4
RM826,2,4,3,2,2,3,2
RM339,4,3,3,3,2,3,2
RM1247,3,4,3,2,2,3,0
RM710,3,1,1,3,2,4,0
RM240,4,3,4,1,2,3,2
RM470,4,3,4,3,4,3,2
RM716,3,2,1,3,4,3,2
RM791,4,4,3,3,2,3,2
RM1253,4,4,1,3,4,3,3
RM1470,2,3,1,4,4,3,3
RM1109,4,1,2,3,2,3,3
RM1183,4,3,3,3,2,3,6
RM606,1,1,3,2,2,3,3
RM643,2,2,4,3,2,3,3
RM1367,1,3,3,3,1,3,1
RM347,4,2,4,3,2,3,3
RM1229,3,2,2,3,1,3,4
RM1295,2,2,1,1,4,3,3
RM131,2,3,4,3,4,3,2
RM434,3,4,3,3,2,3,3
RM666,4,4,1,2,2,3,3
RM1195,2,2,3,3,4,3,2
RM1072,3,1,1,3,2,4,3
RM300,4,2,4,3,1,3,3
RM1204,2,4,3,3,4,3,2
RM1208,1,2,4,3,2,3,1
RM309,4,3,4,3,1,3,2
RM842,4,2,4,3,3,4,2
RM1308,3,1,3,3,3,4,3
RM1199,3,4,3,3,3,4,2
RM741,2,4,1,2,3,4,4
RM1103,3,4,4,2,3,4,3
RM396,4,4,1,3,3,4,1
RM497,3,3,3,3,3,3,2
RM1437,3,1,4,3,3,3,6
RM384,1,2,4,3,3,3,1
RM1424,4,3,4,4,3,3,2
RM1083,1,3,2,3,3,3,2
RM1239,3,2,3,1,3,3,3
RM114,2,3,3,3,3,3,2
RM480,1,3,4,3,3,3,4
RM1231,2,1,2,4,3,3,2
RM966,4,4,3,2,3,3,6
RM1412,3,2,3,3,3,3,3
RM763,1,1,2,3,3,3,2
RM1310,3,4,1,3,3,3,4
RM319,3,2,2,2,3,3,2
RM1171,4,4,3,2,3,3,0
RM1368,2,2,3,2,3,3,3
RM934,4,1,2,2,3,3,2
RM1057,1,3,4,4,3,3,3
RM372,4,4,4,3,3,3,4
RM455,4,4,2,4,3,3,2
RM508,2,3,1,2,3,3,5
RM894,1,4,1,3,3,3,5
RM1220,4,3,3,3,3,3,2
RM1344,4,1,2,3,3,3,2
RM438,4,2,1,3,3,3,3
RM733,2,2,1,3,3,3,3
RM483,2,1,3,1,3,3,2
RM1418,1,3,3,3,3,3,1
RM239,3,2,1,3,3,3,5
RM992,3,2,1,2,3,3,3
RM1114,4,1,2,2,3,3,3
RM1389,3,4,2,3,3,3,6
RM1450,4,1,4,3,3,3,4
RM500,3,3,4,3,3,3,3
RM991,2,4,1,4,3,3,2
RM014,2,4,3,3,3,3,2
RM160,3,3,4,3,3,3,3
RM182,4,2,4,3,3,3,3
RM394,3,3,1,3,3,3,3
RM584,3,1,2,3,3,3,1
RM069,2,1,4,2,3,3,2
RM197,2,2,4,3,3,3,5
RM295,2,4,3,2,3,3,3
RM465,2,4,4,4,3,3,3
RM020,4,4,3,3,3,3,3
RM288,4,4,2,3,3,3,2
RM1108,3,3,3,3,3,3,2
RM1121,2,2,2,4,3,3,5
RM1401,4,2,2,3,3,3,2
RM241,3,3,3,3,3,3,1
RM1046,3,3,3,4,3,3,3
RM1133,4,1,3,3,3,3,2
RM389,2,1,2,3,3,3,5
RM1420,4,1,3,2,3,3,3
RM1294,1,3,3,2,3,3,2
RM100,2,2,3,4,3,3,3
RM954,1,1,3,4,3,3,4
RM1436,2,4,3,3,3,3,2
RM1038,2,4,4,4,3,3,4
RM466,1,3,4,2,3,3,3
RM1021,1,4,3,2,3,3,2
RM1068,3,3,3,2,3,3,4
RM291,3,1,4,3,3,3,4
RM1045,1,3,2,2,3,3,0
RM1177,1,2,2,3,3,3,2
RM946,4,1,2,3,3,3,2
RM571,4,4,1,3,3,3,3
RM393,1,1,3,2,3,3,4
RM380,3,4,3,3,3,3,2
RM788,4,2,2,3,3,3,4
RM1066,4,3,2,3,3,3,2
RM641,1,4,4,2,2,3,2
RM749,2,1,4,3,1,3,6
RM162,4,2,4,1,3,3,1
RM945,3,4,1,3,1,3,6
RM355,4,3,2,4,3,3,2
RM424,3,1,3,3,3,3,3
RM427,3,4,3,2,3,3,2
RM1406,3,3,3,4,3,4,2
RM242,3,4,1,3,3,3,2
RM757,4,3,2,3,3,3,2
RM755,2,4,4,2,2,3,2
RM023,1,2,3,3,3,3,4
RM047,2,3,3,3,3,4,2
RM054,3,1,3,3,2,3,3
RM889,3,4,2,2,2,3,6
RM1423,4,3,3,3,3,3,3
RM399,2,3,1,3,3,3,2
RM262,4,4,4,3,2,3,0
RM1290,1,2,4,3,3,3,3
RM1041,4,2,3,3,2,3,5
RM1099,4,4,3,3,3,3,2
RM955,3,3,4,2,3,3,3
RM1321,3,3,2,2,3,4,1
RM194,4,4,4,4,4,3,3
RM195,1,4,4,3,2,4,1
RM219,4,4,4,3,2,3,2
RM1222,3,3,4,2,2,4,3
RM1315,3,3,2,4,3,4,3
RM1286,2,2,3,3,2,3,3
RM1422,3,2,1,1,3,3,3
RM805,1,4,3,2,4,4,3
RM113,4,4,3,3,4,3,3
RM775,3,1,2,4,2,3,3
RM1302,2,2,4,2,3,4,0
RM106,3,4,4,3,2,4,3
RM471,4,4,3,3,3,3,3
RM1246,1,4,4,3,3,3,2
RM572,1,4,1,3,1,3,2
RM1362,3,4,1,3,4,3,3
RM201,3,1,3,3,2,3,1
RM1335,4,1,4,2,2,3,2
RM1008,3,4,1,3,3,3,1
RM246,2,3,1,3,3,3,3
RM819,3,4,1,3,4,3,4
RM1037,2,4,3,1,3,3,2
RM1307,1,1,4,3,3,3,3
RM006,4,4,3,2,3,3,2
RM314,4,2,2,3,3,3,2
RM510,3,4,3,1,3,4,2
RM848,4,1,3,3,2,4,3
RM921,3,2,3,4,3,3,2
RM1056,2,1,4,2,3,3,3
RM982,4,3,3,2,3,3,0
RM1003,3,4,3,3,3,3,2
RM1187,4,4,1,4,3,4,2
RM118,2,4,3,3,3,3,6
RM173,4,2,3,2,3,3,3
RM969,1,1,4,2,4,3,2
RM227,1,4,3,3,3,3,2
RM579,1,1,4,3,4,3,2
RM766,3,3,1,3,3,3,2
RM1188,4,4,4,4,3,3,4
RM1419,1,3,4,3,2,3,1
RM252,3,3,4,3,3,4,1
RM814,1,4,4,3,3,3,4
RM1160,1,3,4,1,3,3,2
RM1293,3,4,4,3,3,3,6
RM838,2,3,3,2,3,3,3
RM148,4,1,2,2,2,3,2
RM989,4,4,1,2,3,3,4
RM296,3,2,4,4,3,3,2
RM442,2,3,4,3,3,3,4
RM548,3,3,4,3,4,3,2
RM633,2,4,4,3,3,3,2
RM839,3,1,2,2,3,3,2
RM1094,4,4,3,1,3,3,3
RM492,4,3,2,3,3,3,3
RM549,4,4,3,3,2,3,5
RM651,4,4,2,2,3,3,2
RM1063,2,3,2,2,3,3,2
RM094,3,1,3,2,2,3,5
RM545,4,3,4,2,3,3,2
RM1224,3,3,3,1,1,3,3
RM1167,3,4,2,3,2,4,3
RM1205,4,3,3,3,3,3,3
RM1352,4,4,2,3,3,3,3
RM1378,2,4,4,3,3,3,3
RM132,3,4,4,3,3,3,3
RM868,4,1,3,3,3,4,3
RM1139,2,3,3,3,3,3,3
RM111,1,1,3,2,2,4,1
RM919,4,2,1,2,3,4,5
RM931,2,3,2,2,2,3,6
RM988,2,2,2,3,3,3,5
RM761,3,2,1,3,2,3,2
RM746,3,2,4,3,3,3,3
RM402,3,1,4,2,4,3,0
RM1311,1,3,2,3,3,3,3
RM428,3,1,4,4,2,3,5
RM546,3,4,4,2,3,4,2
RM485,1,4,4,4,4,4,4
RM1059,1,2,3,4,2,4,2
RM1088,2,3,2,3,3,4,4
RM792,4,1,1,3,3,4,2
RM1101,2,3,1,3,2,4,5
RM862,3,1,1,3,3,4,2
RM652,3,4,1,3,3,4,2
RM153,2,3,4,1,3,4,3
RM503,4,1,4,4,3,4,2
RM446,1,2,4,3,3,4,2
RM526,1,3,1,3,3,3,3
RM139,1,3,4,3,2,3,3
RM1022,1,1,1,3,2,3,2
RM1370,4,3,4,3,3,3,0
RM1314,1,1,4,3,2,3,3
RM140,3,4,4,1,3,3,2
RM168,2,4,3,3,3,3,2
RM403,2,3,2,3,3,3,6
RM703,3,3,1,4,3,3,2
RM1050,4,3,3,2,3,3,2
RM125,2,3,2,2,1,3,3
RM133,2,3,3,3,1,3,2
RM304,2,4,2,2,4,3,3
RM676,2,3,2,4,2,3,2
RM1327,3,2,3,2,2,3,3
RM1429,2,2,2,3,2,3,2
RM1106,1,1,4,1,3,3,6
RM1049,4,1,4,3,1,3,2
RM1271,4,4,1,3,1,3,3
RM077,3,1,2,3,2,3,2
RM298,3,2,3,2,3,3,3
RM448,2,3,3,3,3,3,2
RM1163,4,1,3,3,2,3,3
RM1168,1,4,4,2,1,3,2
RM1221,3,4,3,2,3,3,2
RM1237,2,1,2,3,2,3,3
RM1440,1,4,3,3,2,3,2
RM696,1,3,3,1,2,3,2
RM1281,3,2,3,2,3,3,4
RM224,1,3,3,2,3,3,6
RM808,3,3,2,3,2,3,2
RM1120,3,2,4,3,3,3,3
RM1417,4,2,1,3,3,3,3
RM138,4,3,3,4,2,3,1
RM552,3,2,3,1,4,3,3
RM1125,4,3,1,3,4,3,3
RM1404,2,1,1,3,3,3,3
RM1463,2,4,1,2,2,3,2
RM159,3,4,1,2,2,3,2
RM1095,1,1,4,4,3,3,5
RM1411,2,2,3,3,3,3,4
RM467,2,1,2,3,3,3,2
RM536,2,4,2,2,2,3,2
RM1296,3,3,4,4,3,3,3
RM028,3,2,4,3,3,3,2
RM927,4,4,4,4,2,3,3
RM751,4,4,3,3,4,3,2
RM790,2,1,4,3,2,3,1
RM908,2,2,3,3,3,3,5
RM1201,3,4,1,3,3,3,2
RM453,4,2,2,4,3,3,3
RM565,2,3,1,3,1,3,3
RM030,2,1,4,2,3,3,2
RM264,3,2,2,2,1,3,2
RM811,1,3,4,3,3,3,3
RM944,4,1,3,4,3,3,3
RM1032,1,4,1,4,3,3,1
RM1081,3,2,4,4,3,3,2
RM1328,1,1,4,3,4,3,5
RM445,2,4,1,3,3,3,2
RM521,2,2,4,3,4,3,3
RM1039,3,1,1,3,3,3,3
RM1104,3,3,3,3,3,3,2
RM822,4,2,2,3,2,3,3
RM540,4,2,4,3,3,3,2
RM1462,4,1,2,3,2,3,3
RM617,1,3,3,2,3,3,2
RM948,2,2,3,2,3,3,2
RM019,1,4,3,3,2,3,3
RM647,1,4,3,3,3,3,3
RM702,3,3,3,4,3,3,3
RM1397,1,1,2,2,3,3,2
RM511,3,2,3,4,3,3,1
RM772,3,3,2,3,2,3,4
RM609,3,4,3,2,3,3,3
RM976,1,3,3,2,4,3,2
RM957,4,2,1,3,3,3,4
RM064,1,1,4,2,3,3,3
RM233,2,3,4,2,3,3,2
RM537,1,1,4,3,3,3,1
RM035,2,4,1,2,3,3,2
RM324,1,4,4,2,1,3,4
RM541,1,2,4,3,1,3,4
RM599,3,3,4,2,3,3,3
RM933,2,3,1,3,3,3,2
RM1443,1,4,2,4,3,3,3
RM436,2,3,4,4,3,3,2
RM799,1,2,2,3,2,4,0
RM670,4,1,4,1,3,4,2
RM1299,4,2,4,4,3,4,2
RM780,1,3,3,4,3,3,2
RM318,3,2,1,2,2,3,3
RM123,2,2,1,3,3,3,2
RM1445,4,3,4,1,3,3,4
RM596,4,2,4,3,3,3,2
RM967,3,1,4,2,2,3,0
RM129,3,4,3,3,3,3,2
RM499,1,3,4,3,3,4,3
RM631,4,4,1,1,2,4,2
RM1128,4,3,4,3,4,3,2
RM1387,3,1,4,2,3,3,6
RM005,1,2,4,3,3,3,3
RM718,3,2,2,3,3,3,2
RM740,1,4,2,3,3,3,2
RM669,3,3,2,3,3,3,2
RM338,2,4,3,3,2,3,2
RM146,4,1,4,3,3,3,3
RM887,4,2,1,3,3,4,2
RM942,1,4,1,3,2,3,6
RM267,2,4,2,3,2,4,2
RM313,3,4,2,1,3,3,2
RM370,3,2,4,3,2,3,5
RM691,4,4,3,1,3,3,2
RM1361,1,3,2,2,4,3,0
RM532,3,4,4,3,3,3,6
RM1102,4,2,1,3,2,3,2
RM591,3,3,4,4,3,3,3
RM884,1,4,2,3,3,3,5
RM1283,4,1,2,3,4,3,1
RM1426,2,4,1,3,3,3,6
RM117,3,1,4,3,2,3,6
RM248,4,1,2,3,2,3,3
RM433,4,3,3,3,2,3,3
RM550,2,3,4,3,3,3,2
RM980,2,3,1,3,3,3,1
RM1118,2,4,2,2,3,3,3
RM058,3,1,3,3,3,3,3
RM277,2,2,2,2,4,3,6
RM431,4,3,3,3,1,3,2
RM597,4,3,3,3,4,3,0
RM648,4,2,1,3,2,3,2
RM847,3,2,2,4,2,3,2
RM925,3,3,4,3,3,3,3
RM010,3,3,2,2,3,3,3
RM221,4,2,4,4,3,3,3
RM270,4,4,3,3,3,3,4
RM292,3,2,4,3,3,3,2
RM378,4,3,2,3,3,3,3
RM665,3,4,1,2,3,3,2
RM688,3,3,3,3,3,4,6
RM774,4,4,2,2,2,3,2
RM883,3,1,3,3,1,4,2
RM928,3,2,4,3,3,3,2
RM1279,4,1,4,3,3,3,1
RM354,3,1,1,3,4,3,2
RM473,2,2,2,2,3,3,2
RM578,4,1,2,2,3,3,3
RM143,4,3,2,3,3,4,2
RM342,3,4,2,3,2,3,3
RM305,3,4,1,2,4,3,5
RM938,3,2,4,3,2,3,4
RM1080,2,2,4,3,3,3,3
RM1149,2,1,4,3,3,3,3
RM1285,3,3,3,3,3,4,3
RM1336,4,4,2,3,3,3,2
RM204,3,4,3,4,3,3,2
RM258,1,3,4,3,3,3,5
RM449,2,3,3,3,3,3,3
RM554,4,4,4,2,2,4,2
RM786,1,4,4,3,3,4,6
RM979,2,3,2,3,4,4,0
RM1165,3,4,4,2,3,3,2
RM1305,2,1,2,3,3,3,3
RM1349,1,1,1,3,3,3,3
RM1456,3,3,4,3,2,3,2
RM687,4,1,3,3,3,3,3
RM738,4,3,2,3,3,3,6
RM257,4,1,3,3,2,3,4
RM800,4,1,4,3,3,3,3
RM1358,3,1,2,4,3,3,3
RM1444,1,3,1,2,3,3,2
RM1331,1,3,4,3,2,3,2
RM029,1,4,4,3,2,3,4
RM618,4,2,4,2,3,3,2
RM1079,4,1,3,4,3,3,1
RM1353,2,1,4,3,4,3,5
RM269,3,4,2,3,3,3,2
RM335,4,4,1,3,3,3,3
RM1347,2,4,4,2,2,3,2
RM771,4,4,4,3,3,3,0
RM1278,3,4,3,3,3,3,3
RM1323,4,4,3,2,3,3,4
RM1025,1,3,2,4,3,3,2
RM1304,3,2,3,3,2,3,4
RM1322,2,3,3,3,3,3,2
RM1415,1,3,2,3,3,4,3
RM736,1,3,4,3,2,3,0
RM737,3,3,2,3,2,3,3
RM1115,3,1,4,2,3,3,3
RM1332,4,2,4,3,2,3,3
RM1182,3,3,2,3,2,3,3
RM1193,4,1,2,2,3,3,2
RM063,2,3,4,2,2,3,2
RM166,3,2,2,3,3,3,5
RM426,2,3,2,3,2,3,2
RM767,2,3,4,2,3,3,2
RM124,1,3,3,3,3,3,5
RM214,2,2,4,1,2,3,5
RM1276,1,3,4,3,3,3,2
RM191,3,3,1,3,2,3,5
RM231,3,4,2,2,2,3,3
RM469,4,1,2,3,3,3,3
RM700,4,4,2,2,3,3,2
RM807,2,2,4,3,3,3,4
RM026,3,3,4,2,3,3,3
RM557,4,4,4,3,3,3,4
RM650,4,4,3,3,3,3,0
RM859,4,3,2,3,3,3,6
RM1044,4,2,2,2,4,3,2
RM1009,4,4,4,2,3,3,3
RM1185,2,3,3,3,3,4,6
RM1398,1,3,3,2,3,3,6
RM188,3,2,4,3,4,3,3
RM271,4,1,3,3,3,3,2
RM956,4,3,4,3,1,3,5
RM176,3,1,3,3,3,3,3
RM852,4,1,4,3,3,3,2
RM977,4,2,1,3,3,3,0
RM1054,2,3,1,2,4,4,2
RM744,3,4,1,3,2,3,4
RM920,4,4,4,2,3,3,6
RM412,1,1,4,1,3,3,5
RM877,3,4,4,3,4,3,2
RM1179,3,3,1,3,3,3,3
RM363,1,4,3,2,3,4,3
RM816,4,2,3,4,2,3,6
RM1153,3,4,3,3,3,3,2
RM161,3,4,1,3,3,4,6
RM207,4,2,1,2,4,3,2
RM725,4,3,2,3,2,3,6
RM109,4,4,3,3,2,3,2
RM935,4,2,4,2,3,3,3
RM065,3,3,2,3,3,3,2
RM385,2,3,2,3,2,3,2
RM443,2,4,4,2,3,3,3
RM622,2,4,4,2,3,3,1
RM1448,4,4,1,2,1,4,4
RM286,4,4,2,3,3,3,3
RM387,4,1,3,2,3,3,2
RM468,1,2,4,3,3,3,6
RM507,3,3,3,3,3,3,2
RM856,4,4,2,2,2,3,2
RM1090,1,4,1,3,3,3,2
RM1164,2,2,1,1,3,3,2
RM1433,3,4,1,3,4,4,2
RM062,4,4,4,3,3,3,2
RM180,3,4,3,3,3,3,3
RM278,1,1,3,3,4,4,3
RM682,4,1,2,3,3,3,3
RM827,3,3,4,4,4,3,2
RM1194,4,2,2,3,2,4,3
RM315,3,1,4,3,3,3,3
RM327,3,4,1,3,2,3,2
RM527,4,3,1,3,2,3,4
RM739,4,4,3,3,2,3,3
RM754,4,1,3,3,3,3,2
RM1241,4,4,4,3,3,3,2
RM1373,1,1,4,3,3,4,3
RM091,3,2,4,2,2,4,3
RM151,2,2,1,3,3,3,2
RM187,4,3,2,3,3,3,2
RM244,1,4,1,3,3,3,3
RM583,3,2,4,3,4,4,2
RM769,3,1,2,2,3,3,3
RM815,3,3,1,4,2,3,2
RM960,3,4,3,3,3,3,4
RM1097,3,4,4,3,3,4,2
RM1157,1,3,4,3,2,3,2
RM1243,2,2,2,2,3,3,3
RM1410,4,3,1,4,3,3,2
RM539,4,3,2,3,2,3,3
RM747,2,3,2,3,1,4,3
RM952,3,2,1,3,1,3,4
RM1219,4,3,2,3,3,3,3
RM232,3,4,4,3,3,3,3
RM282,2,3,3,3,3,4,3
RM452,4,1,4,2,3,4,5
RM489,3,4,2,3,3,3,4
RM585,2,4,2,2,3,3,4
RM605,2,2,4,2,3,3,3
RM1051,1,4,3,3,3,3,3
RM1405,4,3,4,3,2,3,2
RM120,3,4,4,4,3,3,3
RM391,1,2,3,3,2,3,3
RM1186,3,3,1,3,2,4,3
RM1217,4,4,1,3,3,3,3
RM1317,1,4,3,3,3,4,5
RM659,2,1,4,3,3,3,0
RM876,4,4,2,3,3,4,3
RM892,1,4,4,3,4,3,5
RM923,3,1,4,2,4,3,4
RM1215,3,4,2,3,4,3,2
RM312,1,1,1,3,3,3,2
RM806,2,3,4,3,2,3,2
RM1100,1,2,1,3,3,3,4
RM1144,1,1,1,3,2,3,2
RM1161,4,4,1,3,2,3,3
RM1226,4,2,3,3,2,3,2
RM179,2,1,3,3,3,4,2
RM593,3,4,3,2,3,3,3
RM708,3,3,3,4,4,3,3
RM130,3,1,3,2,3,3,2
RM478,1,2,3,3,3,3,2
RM524,4,3,3,3,4,3,3
RM654,1,1,4,3,3,3,3
RM1087,3,4,4,3,1,3,2
RM238,1,3,4,4,2,3,2
RM915,4,2,4,3,2,3,3
RM1117,3,4,3,3,2,4,3
RM939,1,3,4,3,3,3,3
RM916,1,3,3,1,2,4,2
RM797,4,4,2,4,3,3,3
RM694,3,4,1,3,2,3,6
RM753,3,1,3,3,4,3,1
RM046,2,3,4,3,3,3,0
RM367,1,2,3,3,3,3,5
RM1280,3,2,3,2,3,3,2
RM090,3,4,4,3,2,3,3
RM272,1,2,4,2,3,3,2
RM608,3,4,1,4,3,3,3
RM750,1,4,4,3,1,3,3
RM127,4,4,4,2,3,3,3
RM135,3,3,4,3,3,4,3
RM913,3,4,2,2,3,4,2
RM1207,4,4,3,3,3,4,5
RM1329,2,3,4,3,2,4,5
RM613,2,2,1,3,3,4,2
RM045,3,4,4,3,3,4,2
RM212,3,3,3,3,2,4,2
RM326,3,3,1,3,2,4,2
RM1390,4,1,2,3,1,4,6
RM027,2,1,2,3,1,4,5
RM061,1,4,2,3,3,4,3
RM881,3,2,3,3,2,4,2
RM793,1,3,2,3,2,4,4
RM1399,4,3,3,3,3,4,2
RM1301,2,3,3,3,4,4,5
RM1354,4,1,2,3,1,4,2
RM1385,1,4,1,2,3,4,3
RM636,4,3,2,3,2,4,2
RM126,3,2,3,2,2,3,3
RM285,1,1,3,3,3,3,3
RM294,4,4,2,3,2,3,0
RM356,3,3,2,3,3,3,3
RM834,4,3,3,3,2,3,0
RM890,1,1,4,2,3,3,3
RM997,4,4,4,3,2,3,3
RM998,4,3,4,3,3,3,2
RM052,3,3,3,2,3,3,3
RM794,1,3,4,2,3,3,5
RM869,4,1,3,3,2,3,2
RM930,4,4,2,3,2,3,2
RM1324,3,4,2,3,3,3,2
RM016,2,1,3,3,4,3,1
RM228,2,4,4,3,3,3,5
RM520,2,4,4,3,1,3,5
RM556,4,2,4,3,3,3,2
RM837,4,1,1,1,2,3,3
RM1250,2,2,3,3,1,3,3
RM1319,4,4,2,4,3,3,3
RM081,4,4,3,2,2,3,1
RM089,3,4,1,3,2,3,3
RM093,3,2,2,2,2,3,4
RM174,3,1,3,3,3,3,4
RM875,3,3,1,2,3,3,4
RM1107,2,1,4,3,2,3,4
RM013,1,3,4,2,3,3,1
RM293,4,2,3,2,3,3,5
RM343,3,4,3,2,3,3,2
RM395,2,1,2,1,3,3,5
RM400,4,1,3,3,2,3,3
RM832,3,3,3,2,3,3,5
RM951,4,3,1,2,3,3,5
RM953,4,2,1,4,3,3,2
RM986,4,3,4,2,3,3,3
RM1031,1,4,1,3,3,3,5
RM1034,3,2,1,3,4,3,2
RM1086,4,3,1,1,3,3,2
RM1275,1,4,1,3,2,3,3
RM1383,3,1,4,4,3,3,3
RM095,2,3,1,3,3,3,0
RM155,2,4,4,3,3,3,2
RM211,4,4,3,2,1,3,2
RM307,4,3,3,2,2,3,3
RM320,3,2,4,3,2,3,2
RM559,1,4,4,3,3,3,2
RM601,3,3,3,3,2,3,3
RM642,2,2,4,3,3,3,3
RM693,3,1,3,4,3,3,2
RM1427,3,2,3,3,2,3,3
RM1432,3,4,3,3,3,3,3
RM004,4,3,3,3,3,3,3
RM056,1,4,3,3,3,3,1
RM515,1,1,1,3,3,3,3
RM563,4,4,3,2,3,3,2
RM711,4,3,4,3,3,3,2
RM1096,2,3,2,3,3,3,3
RM1211,2,2,4,3,4,3,6
RM104,1,3,3,3,3,3,3
RM203,4,3,4,4,3,3,4
RM463,4,4,4,3,4,3,3
RM504,2,4,4,2,3,3,4
RM525,4,2,2,4,2,3,3
RM965,3,1,4,4,3,3,6
RM984,3,4,4,4,3,3,2
RM1040,1,3,4,3,3,3,0
RM1085,4,3,4,3,2,3,3
RM1132,4,3,2,2,2,3,3
RM1147,3,4,1,3,4,3,3
RM1180,4,2,3,3,3,3,2
RM1209,2,4,3,4,2,3,3
RM1213,2,4,2,3,2,3,3
RM1369,3,4,2,3,2,3,3
RM038,4,4,1,3,3,3,3
RM509,2,4,2,3,1,3,3
RM637,4,2,1,2,3,3,3
RM730,3,3,3,2,3,3,3
RM849,4,4,2,4,2,3,2
RM1082,4,2,4,1,2,3,3
RM1131,2,3,4,2,4,3,3
RM1158,3,3,4,3,3,3,5
RM1282,3,4,4,3,3,3,2
